
=== 2026-09-09T11:30:07.930160 GPU 0 seeds [2139874892, 1544345179] ===
[best-k-of-n] persistent inference: 7 batches, limit=16
[best-k-of-n] inference log: /mnt/SSD3/Chase/budgetting O3/outputs/1cll/k10_n100/best_k_of_n/runs/sep09_step1_r5/replicate_2139874892/boltz_batches.log
[best-k-of-n] persistent inference: 7 batches, limit=16
[best-k-of-n] inference log: /mnt/SSD3/Chase/budgetting O3/outputs/1cll/k10_n100/best_k_of_n/runs/sep09_step1_r5/replicate_1544345179/boltz_batches.log
O3 runner: PDB-output/TM-score fix enabled
[o3] seed mode: explicit_list
[o3] shared replicate seeds: [2139874892, 1544345179]
[Boltz-2] auto precision selected 32 for NVIDIA GeForce GTX TITAN X
All inputs are already processed.
[11:59:14] Depickling from a version number (16.2)that is higher than our version (16.1).
This probably won't work.
[11:59:14] Depickling from a version number (16.2)that is higher than our version (16.1).
This probably won't work.
[11:59:14] Depickling from a version number (16.2)that is higher than our version (16.1).
This probably won't work.
[11:59:14] Depickling from a version number (16.2)that is higher than our version (16.1).
This probably won't work.
[11:59:14] Depickling from a version number (16.2)that is higher than our version (16.1).
This probably won't work.
[11:59:14] Depickling from a version number (16.2)that is higher than our version (16.1).
This probably won't work.
[11:59:14] Depickling from a version number (16.2)that is higher than our version (16.1).
This probably won't work.
[11:59:14] Depickling from a version number (16.2)that is higher than our version (16.1).
This probably won't work.
[11:59:14] Depickling from a version number (16.2)that is higher than our version (16.1).
This probably won't work.
[11:59:14] Depickling from a version number (16.2)that is higher than our version (16.1).
This probably won't work.
[11:59:14] Depickling from a version number (16.2)that is higher than our version (16.1).
This probably won't work.
[11:59:14] Depickling from a version number (16.2)that is higher than our version (16.1).
This probably won't work.
[11:59:14] Depickling from a version number (16.2)that is higher than our version (16.1).
This probably won't work.
[11:59:14] Depickling from a version number (16.2)that is higher than our version (16.1).
This probably won't work.
[11:59:14] Depickling from a version number (16.2)that is higher than our version (16.1).
This probably won't work.
[11:59:14] Depickling from a version number (16.2)that is higher than our version (16.1).
This probably won't work.
[11:59:14] Depickling from a version number (16.2)that is higher than our version (16.1).
This probably won't work.
[11:59:14] Depickling from a version number (16.2)that is higher than our version (16.1).
This probably won't work.
[11:59:14] Depickling from a version number (16.2)that is higher than our version (16.1).
This probably won't work.
[11:59:14] Depickling from a version number (16.2)that is higher than our version (16.1).
This probably won't work.
[11:59:14] Depickling from a version number (16.2)that is higher than our version (16.1).
This probably won't work.
Processing 0 inputs with 0 threads.
0it [00:00, ?it/s]0it [00:00, ?it/s]
[11:59:14] Depickling from a version number (16.2)that is higher than our version (16.1).
This probably won't work.
[11:59:14] Depickling from a version number (16.2)that is higher than our version (16.1).
This probably won't work.
[11:59:14] Depickling from a version number (16.2)that is higher than our version (16.1).
This probably won't work.
[11:59:14] Depickling from a version number (16.2)that is higher than our version (16.1).
This probably won't work.
[11:59:14] Depickling from a version number (16.2)that is higher than our version (16.1).
This probably won't work.
[11:59:14] Depickling from a version number (16.2)that is higher than our version (16.1).
This probably won't work.
[11:59:14] Depickling from a version number (16.2)that is higher than our version (16.1).
This probably won't work.
[11:59:14] Depickling from a version number (16.2)that is higher than our version (16.1).
This probably won't work.
[11:59:14] Depickling from a version number (16.2)that is higher than our version (16.1).
This probably won't work.
[11:59:14] Depickling from a version number (16.2)that is higher than our version (16.1).
This probably won't work.
[11:59:14] Depickling from a version number (16.2)that is higher than our version (16.1).
This probably won't work.
[11:59:14] Depickling from a version number (16.2)that is higher than our version (16.1).
This probably won't work.
[11:59:14] Depickling from a version number (16.2)that is higher than our version (16.1).
This probably won't work.
[11:59:14] Depickling from a version number (16.2)that is higher than our version (16.1).
This probably won't work.
[11:59:14] Depickling from a version number (16.2)that is higher than our version (16.1).
This probably won't work.
[11:59:14] Depickling from a version number (16.2)that is higher than our version (16.1).
This probably won't work.
[11:59:14] Depickling from a version number (16.2)that is higher than our version (16.1).
This probably won't work.
[11:59:14] Depickling from a version number (16.2)that is higher than our version (16.1).
This probably won't work.
[11:59:14] Depickling from a version number (16.2)that is higher than our version (16.1).
This probably won't work.
[11:59:14] Depickling from a version number (16.2)that is higher than our version (16.1).
This probably won't work.
[11:59:14] Depickling from a version number (16.2)that is higher than our version (16.1).
This probably won't work.
Boltz atom tensor: 1134 real atoms, 1184 padded sampler slots.
Generator latent_dim=3552
[n100_k10 method=o3 seed=2139874892] starting
[n100_k10 seed=2139874892] O3 protocol: 50 random Z samples -> select best 5 seeds -> 2 random U samples -> 48 BO samples
[n100_k10 seed=2139874892] Total = 50 + 2 + 48 = 100 oracle evaluations
[n100_k10 seed=2139874892] [>                       ] 0/100 generating phase1_random batch=16
[Boltz-2] sampling=deterministic PF-ODE | deterministic=True | latent=explicit z | gamma_0=0
[n100_k10 seed=2139874892] [>                       ] 1/100 completed | score=0.6627
[n100_k10 seed=2139874892] [>                       ] 2/100 completed | score=0.5435
[n100_k10 seed=2139874892] [>                       ] 3/100 completed | score=0.5233
[n100_k10 seed=2139874892] [>                       ] 4/100 completed | score=0.4571
[n100_k10 seed=2139874892] [=>                      ] 5/100 completed | score=0.6685
[n100_k10 seed=2139874892] [=>                      ] 6/100 completed | score=0.4787
[n100_k10 seed=2139874892] [=>                      ] 7/100 completed | score=0.7802
[n100_k10 seed=2139874892] [=>                      ] 8/100 completed | score=0.7129
[n100_k10 seed=2139874892] [==>                     ] 9/100 completed | score=0.6092
[n100_k10 seed=2139874892] [==>                     ] 10/100 completed | score=0.7419
[n100_k10 seed=2139874892] [==>                     ] 11/100 completed | score=0.8455
[n100_k10 seed=2139874892] [==>                     ] 12/100 completed | score=0.7356
[n100_k10 seed=2139874892] [===>                    ] 13/100 completed | score=0.6919
[n100_k10 seed=2139874892] [===>                    ] 14/100 completed | score=0.5664
[n100_k10 seed=2139874892] [===>                    ] 15/100 completed | score=0.6600
[n100_k10 seed=2139874892] [===>                    ] 16/100 completed | score=0.5859
[n100_k10 seed=2139874892] [===>                    ] 16/100 generating phase1_random batch=16
[Boltz-2] sampling=deterministic PF-ODE | deterministic=True | latent=explicit z | gamma_0=0
[n100_k10 seed=2139874892] [====>                   ] 17/100 completed | score=0.7924
[n100_k10 seed=2139874892] [====>                   ] 18/100 completed | score=0.6658
[n100_k10 seed=2139874892] [====>                   ] 19/100 completed | score=0.6041
[n100_k10 seed=2139874892] [====>                   ] 20/100 completed | score=0.7726
[n100_k10 seed=2139874892] [=====>                  ] 21/100 completed | score=0.6749
[n100_k10 seed=2139874892] [=====>                  ] 22/100 completed | score=0.6711
[n100_k10 seed=2139874892] [=====>                  ] 23/100 completed | score=0.5005
[n100_k10 seed=2139874892] [=====>                  ] 24/100 completed | score=0.5920
[n100_k10 seed=2139874892] [======>                 ] 25/100 completed | score=0.5691
[n100_k10 seed=2139874892] [======>                 ] 26/100 completed | score=0.6489
[n100_k10 seed=2139874892] [======>                 ] 27/100 completed | score=0.6294
[n100_k10 seed=2139874892] [======>                 ] 28/100 completed | score=0.8054
[n100_k10 seed=2139874892] [======>                 ] 29/100 completed | score=0.7247
[n100_k10 seed=2139874892] [=======>                ] 30/100 completed | score=0.4238
[n100_k10 seed=2139874892] [=======>                ] 31/100 completed | score=0.5724
[n100_k10 seed=2139874892] [=======>                ] 32/100 completed | score=0.5981
[n100_k10 seed=2139874892] [=======>                ] 32/100 generating phase1_random batch=16
[Boltz-2] sampling=deterministic PF-ODE | deterministic=True | latent=explicit z | gamma_0=0
[n100_k10 seed=2139874892] [=======>                ] 33/100 completed | score=0.5737
[n100_k10 seed=2139874892] [========>               ] 34/100 completed | score=0.4824
[n100_k10 seed=2139874892] [========>               ] 35/100 completed | score=0.4658
[n100_k10 seed=2139874892] [========>               ] 36/100 completed | score=0.7409
[n100_k10 seed=2139874892] [========>               ] 37/100 completed | score=0.6872
[n100_k10 seed=2139874892] [=========>              ] 38/100 completed | score=0.5788
[n100_k10 seed=2139874892] [=========>              ] 39/100 completed | score=0.7074
[n100_k10 seed=2139874892] [=========>              ] 40/100 completed | score=0.7473
[n100_k10 seed=2139874892] [=========>              ] 41/100 completed | score=0.4103
[n100_k10 seed=2139874892] [==========>             ] 42/100 completed | score=0.6247
[n100_k10 seed=2139874892] [==========>             ] 43/100 completed | score=0.5964
[n100_k10 seed=2139874892] [==========>             ] 44/100 completed | score=0.5713
[n100_k10 seed=2139874892] [==========>             ] 45/100 completed | score=0.5720
[n100_k10 seed=2139874892] [===========>            ] 46/100 completed | score=0.7870
[n100_k10 seed=2139874892] [===========>            ] 47/100 completed | score=0.7031
[n100_k10 seed=2139874892] [===========>            ] 48/100 completed | score=0.7465
[n100_k10 seed=2139874892] [===========>            ] 48/100 generating phase1_random batch=2
[Boltz-2] sampling=deterministic PF-ODE | deterministic=True | latent=explicit z | gamma_0=0
[n100_k10 seed=2139874892] [===========>            ] 49/100 completed | score=0.5496
[n100_k10 seed=2139874892] [============>           ] 50/100 completed | score=0.5866
[n100_k10 seed=2139874892] phase 1 complete: selected best 5 seeds from 50 random Z samples by oracle TM-score (index:score=10:0.8455, 27:0.8054, 16:0.7924, 45:0.7870, 6:0.7802)
[n100_k10 seed=2139874892] phase 2: constructing U from the selected 5 seeds and evaluating 2 random U samples (U dimension=4)
[n100_k10 seed=2139874892] [============>           ] 50/100 generating bo_initial_random batch=2
[Boltz-2] sampling=deterministic PF-ODE | deterministic=True | latent=explicit z | gamma_0=0
[n100_k10 seed=2139874892] [============>           ] 51/100 completed | score=0.5961
[n100_k10 seed=2139874892] [============>           ] 52/100 completed | score=0.7869
[n100_k10 seed=2139874892] phase 2 complete: 50 random Z + 2 random U = 52/100 evaluations; starting phase 3 BO for 48 rounds
[n100_k10 seed=2139874892] [============>           ] 52/100 fitting BO round 1/48
[n100_k10 seed=2139874892] [============>           ] 52/100 generating bo_acquisition batch=1
[Boltz-2] sampling=deterministic PF-ODE | deterministic=True | latent=explicit z | gamma_0=0
[n100_k10 seed=2139874892] [============>           ] 53/100 completed | score=0.7280
[n100_k10 seed=2139874892] [============>           ] 53/100 fitting BO round 2/48
[n100_k10 seed=2139874892] [============>           ] 53/100 generating bo_acquisition batch=1
[Boltz-2] sampling=deterministic PF-ODE | deterministic=True | latent=explicit z | gamma_0=0
[n100_k10 seed=2139874892] [============>           ] 54/100 completed | score=0.7137
[n100_k10 seed=2139874892] [============>           ] 54/100 fitting BO round 3/48
[n100_k10 seed=2139874892] [============>           ] 54/100 generating bo_acquisition batch=1
[Boltz-2] sampling=deterministic PF-ODE | deterministic=True | latent=explicit z | gamma_0=0
[n100_k10 seed=2139874892] [=============>          ] 55/100 completed | score=0.4831
[n100_k10 seed=2139874892] [=============>          ] 55/100 fitting BO round 4/48
[n100_k10 seed=2139874892] [=============>          ] 55/100 generating bo_acquisition batch=1
[Boltz-2] sampling=deterministic PF-ODE | deterministic=True | latent=explicit z | gamma_0=0
[n100_k10 seed=2139874892] [=============>          ] 56/100 completed | score=0.8368
[n100_k10 seed=2139874892] [=============>          ] 56/100 fitting BO round 5/48
[n100_k10 seed=2139874892] [=============>          ] 56/100 generating bo_acquisition batch=1
[Boltz-2] sampling=deterministic PF-ODE | deterministic=True | latent=explicit z | gamma_0=0
[n100_k10 seed=2139874892] [=============>          ] 57/100 completed | score=0.9301
[n100_k10 seed=2139874892] [=============>          ] 57/100 fitting BO round 6/48
[n100_k10 seed=2139874892] [=============>          ] 57/100 generating bo_acquisition batch=1
[Boltz-2] sampling=deterministic PF-ODE | deterministic=True | latent=explicit z | gamma_0=0
[n100_k10 seed=2139874892] [=============>          ] 58/100 completed | score=0.8395
[n100_k10 seed=2139874892] [=============>          ] 58/100 fitting BO round 7/48
[n100_k10 seed=2139874892] [=============>          ] 58/100 generating bo_acquisition batch=1
[Boltz-2] sampling=deterministic PF-ODE | deterministic=True | latent=explicit z | gamma_0=0
[n100_k10 seed=2139874892] [==============>         ] 59/100 completed | score=0.9324
[n100_k10 seed=2139874892] [==============>         ] 59/100 fitting BO round 8/48
[n100_k10 seed=2139874892] [==============>         ] 59/100 generating bo_acquisition batch=1
[Boltz-2] sampling=deterministic PF-ODE | deterministic=True | latent=explicit z | gamma_0=0
[n100_k10 seed=2139874892] [==============>         ] 60/100 completed | score=0.8855
[n100_k10 seed=2139874892] [==============>         ] 60/100 fitting BO round 9/48
[n100_k10 seed=2139874892] [==============>         ] 60/100 generating bo_acquisition batch=1
[Boltz-2] sampling=deterministic PF-ODE | deterministic=True | latent=explicit z | gamma_0=0
[n100_k10 seed=2139874892] [==============>         ] 61/100 completed | score=0.8441
[n100_k10 seed=2139874892] [==============>         ] 61/100 fitting BO round 10/48
[n100_k10 seed=2139874892] [==============>         ] 61/100 generating bo_acquisition batch=1
[Boltz-2] sampling=deterministic PF-ODE | deterministic=True | latent=explicit z | gamma_0=0
[n100_k10 seed=2139874892] [==============>         ] 62/100 completed | score=0.8753
[n100_k10 seed=2139874892] [==============>         ] 62/100 fitting BO round 11/48
[n100_k10 seed=2139874892] [==============>         ] 62/100 generating bo_acquisition batch=1
[Boltz-2] sampling=deterministic PF-ODE | deterministic=True | latent=explicit z | gamma_0=0
[n100_k10 seed=2139874892] [===============>        ] 63/100 completed | score=0.6886
[n100_k10 seed=2139874892] [===============>        ] 63/100 fitting BO round 12/48
[n100_k10 seed=2139874892] [===============>        ] 63/100 generating bo_acquisition batch=1
[Boltz-2] sampling=deterministic PF-ODE | deterministic=True | latent=explicit z | gamma_0=0
[n100_k10 seed=2139874892] [===============>        ] 64/100 completed | score=0.8455
[n100_k10 seed=2139874892] [===============>        ] 64/100 fitting BO round 13/48
[n100_k10 seed=2139874892] [===============>        ] 64/100 generating bo_acquisition batch=1
[Boltz-2] sampling=deterministic PF-ODE | deterministic=True | latent=explicit z | gamma_0=0
[n100_k10 seed=2139874892] [===============>        ] 65/100 completed | score=0.8200
[n100_k10 seed=2139874892] [===============>        ] 65/100 fitting BO round 14/48
[n100_k10 seed=2139874892] [===============>        ] 65/100 generating bo_acquisition batch=1
[Boltz-2] sampling=deterministic PF-ODE | deterministic=True | latent=explicit z | gamma_0=0
[n100_k10 seed=2139874892] [===============>        ] 66/100 completed | score=0.8127
[n100_k10 seed=2139874892] [===============>        ] 66/100 fitting BO round 15/48
[n100_k10 seed=2139874892] [===============>        ] 66/100 generating bo_acquisition batch=1
[Boltz-2] sampling=deterministic PF-ODE | deterministic=True | latent=explicit z | gamma_0=0
[n100_k10 seed=2139874892] [================>       ] 67/100 completed | score=0.9458
[n100_k10 seed=2139874892] [================>       ] 67/100 fitting BO round 16/48
[n100_k10 seed=2139874892] [================>       ] 67/100 generating bo_acquisition batch=1
[Boltz-2] sampling=deterministic PF-ODE | deterministic=True | latent=explicit z | gamma_0=0
[n100_k10 seed=2139874892] [================>       ] 68/100 completed | score=0.8243
[n100_k10 seed=2139874892] [================>       ] 68/100 fitting BO round 17/48
[n100_k10 seed=2139874892] [================>       ] 68/100 generating bo_acquisition batch=1
[Boltz-2] sampling=deterministic PF-ODE | deterministic=True | latent=explicit z | gamma_0=0
[n100_k10 seed=2139874892] [================>       ] 69/100 completed | score=0.7066
[n100_k10 seed=2139874892] [================>       ] 69/100 fitting BO round 18/48
[n100_k10 seed=2139874892] [================>       ] 69/100 generating bo_acquisition batch=1
[Boltz-2] sampling=deterministic PF-ODE | deterministic=True | latent=explicit z | gamma_0=0
[n100_k10 seed=2139874892] [================>       ] 70/100 completed | score=0.6443
[n100_k10 seed=2139874892] [================>       ] 70/100 fitting BO round 19/48
[n100_k10 seed=2139874892] [================>       ] 70/100 generating bo_acquisition batch=1
[Boltz-2] sampling=deterministic PF-ODE | deterministic=True | latent=explicit z | gamma_0=0
[n100_k10 seed=2139874892] [=================>      ] 71/100 completed | score=0.8922
[n100_k10 seed=2139874892] [=================>      ] 71/100 fitting BO round 20/48
[n100_k10 seed=2139874892] [=================>      ] 71/100 generating bo_acquisition batch=1
[Boltz-2] sampling=deterministic PF-ODE | deterministic=True | latent=explicit z | gamma_0=0
[n100_k10 seed=2139874892] [=================>      ] 72/100 completed | score=0.8800
[n100_k10 seed=2139874892] [=================>      ] 72/100 fitting BO round 21/48
[n100_k10 seed=2139874892] [=================>      ] 72/100 generating bo_acquisition batch=1
[Boltz-2] sampling=deterministic PF-ODE | deterministic=True | latent=explicit z | gamma_0=0
[n100_k10 seed=2139874892] [=================>      ] 73/100 completed | score=0.9012
[n100_k10 seed=2139874892] [=================>      ] 73/100 fitting BO round 22/48
[n100_k10 seed=2139874892] [=================>      ] 73/100 generating bo_acquisition batch=1
[Boltz-2] sampling=deterministic PF-ODE | deterministic=True | latent=explicit z | gamma_0=0
[n100_k10 seed=2139874892] [=================>      ] 74/100 completed | score=0.9184
[n100_k10 seed=2139874892] [=================>      ] 74/100 fitting BO round 23/48
[n100_k10 seed=2139874892] [=================>      ] 74/100 generating bo_acquisition batch=1
[Boltz-2] sampling=deterministic PF-ODE | deterministic=True | latent=explicit z | gamma_0=0
[n100_k10 seed=2139874892] [==================>     ] 75/100 completed | score=0.8297
[n100_k10 seed=2139874892] [==================>     ] 75/100 fitting BO round 24/48
[n100_k10 seed=2139874892] [==================>     ] 75/100 generating bo_acquisition batch=1
[Boltz-2] sampling=deterministic PF-ODE | deterministic=True | latent=explicit z | gamma_0=0
[n100_k10 seed=2139874892] [==================>     ] 76/100 completed | score=0.7997
[n100_k10 seed=2139874892] [==================>     ] 76/100 fitting BO round 25/48
[n100_k10 seed=2139874892] [==================>     ] 76/100 generating bo_acquisition batch=1
[Boltz-2] sampling=deterministic PF-ODE | deterministic=True | latent=explicit z | gamma_0=0
[n100_k10 seed=2139874892] [==================>     ] 77/100 completed | score=0.8558
[n100_k10 seed=2139874892] [==================>     ] 77/100 fitting BO round 26/48
[n100_k10 seed=2139874892] [==================>     ] 77/100 generating bo_acquisition batch=1
[Boltz-2] sampling=deterministic PF-ODE | deterministic=True | latent=explicit z | gamma_0=0
[n100_k10 seed=2139874892] [==================>     ] 78/100 completed | score=0.8423
[n100_k10 seed=2139874892] [==================>     ] 78/100 fitting BO round 27/48
[n100_k10 seed=2139874892] [==================>     ] 78/100 generating bo_acquisition batch=1
[Boltz-2] sampling=deterministic PF-ODE | deterministic=True | latent=explicit z | gamma_0=0
[n100_k10 seed=2139874892] [==================>     ] 79/100 completed | score=0.7850
[n100_k10 seed=2139874892] [==================>     ] 79/100 fitting BO round 28/48
[n100_k10 seed=2139874892] [==================>     ] 79/100 generating bo_acquisition batch=1
[Boltz-2] sampling=deterministic PF-ODE | deterministic=True | latent=explicit z | gamma_0=0
[n100_k10 seed=2139874892] [===================>    ] 80/100 completed | score=0.8455
[n100_k10 seed=2139874892] [===================>    ] 80/100 fitting BO round 29/48
[n100_k10 seed=2139874892] [===================>    ] 80/100 generating bo_acquisition batch=1
[Boltz-2] sampling=deterministic PF-ODE | deterministic=True | latent=explicit z | gamma_0=0
[n100_k10 seed=2139874892] [===================>    ] 81/100 completed | score=0.8696
[n100_k10 seed=2139874892] [===================>    ] 81/100 fitting BO round 30/48
[n100_k10 seed=2139874892] [===================>    ] 81/100 generating bo_acquisition batch=1
[Boltz-2] sampling=deterministic PF-ODE | deterministic=True | latent=explicit z | gamma_0=0
[n100_k10 seed=2139874892] [===================>    ] 82/100 completed | score=0.7937
[n100_k10 seed=2139874892] [===================>    ] 82/100 fitting BO round 31/48
[n100_k10 seed=2139874892] [===================>    ] 82/100 generating bo_acquisition batch=1
[Boltz-2] sampling=deterministic PF-ODE | deterministic=True | latent=explicit z | gamma_0=0
[n100_k10 seed=2139874892] [===================>    ] 83/100 completed | score=0.8681
[n100_k10 seed=2139874892] [===================>    ] 83/100 fitting BO round 32/48
[n100_k10 seed=2139874892] [===================>    ] 83/100 generating bo_acquisition batch=1
[Boltz-2] sampling=deterministic PF-ODE | deterministic=True | latent=explicit z | gamma_0=0
[n100_k10 seed=2139874892] [====================>   ] 84/100 completed | score=0.8456
[n100_k10 seed=2139874892] [====================>   ] 84/100 fitting BO round 33/48
[n100_k10 seed=2139874892] [====================>   ] 84/100 generating bo_acquisition batch=1
[Boltz-2] sampling=deterministic PF-ODE | deterministic=True | latent=explicit z | gamma_0=0
[n100_k10 seed=2139874892] [====================>   ] 85/100 completed | score=0.9053
[n100_k10 seed=2139874892] [====================>   ] 85/100 fitting BO round 34/48
[n100_k10 seed=2139874892] [====================>   ] 85/100 generating bo_acquisition batch=1
[Boltz-2] sampling=deterministic PF-ODE | deterministic=True | latent=explicit z | gamma_0=0
[n100_k10 seed=2139874892] [====================>   ] 86/100 completed | score=0.8127
[n100_k10 seed=2139874892] [====================>   ] 86/100 fitting BO round 35/48
[n100_k10 seed=2139874892] [====================>   ] 86/100 generating bo_acquisition batch=1
[Boltz-2] sampling=deterministic PF-ODE | deterministic=True | latent=explicit z | gamma_0=0
[n100_k10 seed=2139874892] [====================>   ] 87/100 completed | score=0.8146
[n100_k10 seed=2139874892] [====================>   ] 87/100 fitting BO round 36/48
[n100_k10 seed=2139874892] [====================>   ] 87/100 generating bo_acquisition batch=1
[Boltz-2] sampling=deterministic PF-ODE | deterministic=True | latent=explicit z | gamma_0=0
[n100_k10 seed=2139874892] [=====================>  ] 88/100 completed | score=0.8456
[n100_k10 seed=2139874892] [=====================>  ] 88/100 fitting BO round 37/48
[n100_k10 seed=2139874892] [=====================>  ] 88/100 generating bo_acquisition batch=1
[Boltz-2] sampling=deterministic PF-ODE | deterministic=True | latent=explicit z | gamma_0=0
[n100_k10 seed=2139874892] [=====================>  ] 89/100 completed | score=0.9227
[n100_k10 seed=2139874892] [=====================>  ] 89/100 fitting BO round 38/48
[n100_k10 seed=2139874892] [=====================>  ] 89/100 generating bo_acquisition batch=1
[Boltz-2] sampling=deterministic PF-ODE | deterministic=True | latent=explicit z | gamma_0=0
[n100_k10 seed=2139874892] [=====================>  ] 90/100 completed | score=0.8456
[n100_k10 seed=2139874892] [=====================>  ] 90/100 fitting BO round 39/48
[n100_k10 seed=2139874892] [=====================>  ] 90/100 generating bo_acquisition batch=1
[Boltz-2] sampling=deterministic PF-ODE | deterministic=True | latent=explicit z | gamma_0=0
[n100_k10 seed=2139874892] [=====================>  ] 91/100 completed | score=0.9014
[n100_k10 seed=2139874892] [=====================>  ] 91/100 fitting BO round 40/48
[n100_k10 seed=2139874892] [=====================>  ] 91/100 generating bo_acquisition batch=1
[Boltz-2] sampling=deterministic PF-ODE | deterministic=True | latent=explicit z | gamma_0=0
[n100_k10 seed=2139874892] [======================> ] 92/100 completed | score=0.8263
[n100_k10 seed=2139874892] [======================> ] 92/100 fitting BO round 41/48
[n100_k10 seed=2139874892] [======================> ] 92/100 generating bo_acquisition batch=1
[Boltz-2] sampling=deterministic PF-ODE | deterministic=True | latent=explicit z | gamma_0=0
[n100_k10 seed=2139874892] [======================> ] 93/100 completed | score=0.7816
[n100_k10 seed=2139874892] [======================> ] 93/100 fitting BO round 42/48
[n100_k10 seed=2139874892] [======================> ] 93/100 generating bo_acquisition batch=1
[Boltz-2] sampling=deterministic PF-ODE | deterministic=True | latent=explicit z | gamma_0=0
[n100_k10 seed=2139874892] [======================> ] 94/100 completed | score=0.8410
[n100_k10 seed=2139874892] [======================> ] 94/100 fitting BO round 43/48
[n100_k10 seed=2139874892] [======================> ] 94/100 generating bo_acquisition batch=1
[Boltz-2] sampling=deterministic PF-ODE | deterministic=True | latent=explicit z | gamma_0=0
[n100_k10 seed=2139874892] [======================> ] 95/100 completed | score=0.7939
[n100_k10 seed=2139874892] [======================> ] 95/100 fitting BO round 44/48
[n100_k10 seed=2139874892] [======================> ] 95/100 generating bo_acquisition batch=1
[Boltz-2] sampling=deterministic PF-ODE | deterministic=True | latent=explicit z | gamma_0=0
[n100_k10 seed=2139874892] [=======================>] 96/100 completed | score=0.7406
[n100_k10 seed=2139874892] [=======================>] 96/100 fitting BO round 45/48
[n100_k10 seed=2139874892] [=======================>] 96/100 generating bo_acquisition batch=1
[Boltz-2] sampling=deterministic PF-ODE | deterministic=True | latent=explicit z | gamma_0=0
[n100_k10 seed=2139874892] [=======================>] 97/100 completed | score=0.9384
[n100_k10 seed=2139874892] [=======================>] 97/100 fitting BO round 46/48
[n100_k10 seed=2139874892] [=======================>] 97/100 generating bo_acquisition batch=1
[Boltz-2] sampling=deterministic PF-ODE | deterministic=True | latent=explicit z | gamma_0=0
[n100_k10 seed=2139874892] [=======================>] 98/100 completed | score=0.8419
[n100_k10 seed=2139874892] [=======================>] 98/100 fitting BO round 47/48
[n100_k10 seed=2139874892] [=======================>] 98/100 generating bo_acquisition batch=1
[Boltz-2] sampling=deterministic PF-ODE | deterministic=True | latent=explicit z | gamma_0=0
[n100_k10 seed=2139874892] [=======================>] 99/100 completed | score=0.8027
[n100_k10 seed=2139874892] [=======================>] 99/100 fitting BO round 48/48
[n100_k10 seed=2139874892] [=======================>] 99/100 generating bo_acquisition batch=1
[Boltz-2] sampling=deterministic PF-ODE | deterministic=True | latent=explicit z | gamma_0=0
[n100_k10 seed=2139874892] [========================] 100/100 completed | score=0.8456
[n100_k10 seed=2139874892] O3 protocol complete: 50 + 2 + 48 = 100 oracle evaluations
[n100_k10 method=o3 seed=2139874892] max-of-K=0.9458 mean-of-K=0.9188
[n100_k10 method=o3 seed=1544345179] starting
[n100_k10 seed=1544345179] O3 protocol: 50 random Z samples -> select best 5 seeds -> 2 random U samples -> 48 BO samples
[n100_k10 seed=1544345179] Total = 50 + 2 + 48 = 100 oracle evaluations
[n100_k10 seed=1544345179] [>                       ] 0/100 generating phase1_random batch=16
[Boltz-2] sampling=deterministic PF-ODE | deterministic=True | latent=explicit z | gamma_0=0
[n100_k10 seed=1544345179] [>                       ] 1/100 completed | score=0.5276
[n100_k10 seed=1544345179] [>                       ] 2/100 completed | score=0.6146
[n100_k10 seed=1544345179] [>                       ] 3/100 completed | score=0.9141
[n100_k10 seed=1544345179] [>                       ] 4/100 completed | score=0.8678
[n100_k10 seed=1544345179] [=>                      ] 5/100 completed | score=0.5007
[n100_k10 seed=1544345179] [=>                      ] 6/100 completed | score=0.7161
[n100_k10 seed=1544345179] [=>                      ] 7/100 completed | score=0.5766
[n100_k10 seed=1544345179] [=>                      ] 8/100 completed | score=0.4842
[n100_k10 seed=1544345179] [==>                     ] 9/100 completed | score=0.6627
[n100_k10 seed=1544345179] [==>                     ] 10/100 completed | score=0.6312
[n100_k10 seed=1544345179] [==>                     ] 11/100 completed | score=0.8387
[n100_k10 seed=1544345179] [==>                     ] 12/100 completed | score=0.5969
[n100_k10 seed=1544345179] [===>                    ] 13/100 completed | score=0.6008
[n100_k10 seed=1544345179] [===>                    ] 14/100 completed | score=0.7667
[n100_k10 seed=1544345179] [===>                    ] 15/100 completed | score=0.7220
[n100_k10 seed=1544345179] [===>                    ] 16/100 completed | score=0.8155
[n100_k10 seed=1544345179] [===>                    ] 16/100 generating phase1_random batch=16
[Boltz-2] sampling=deterministic PF-ODE | deterministic=True | latent=explicit z | gamma_0=0
[n100_k10 seed=1544345179] [====>                   ] 17/100 completed | score=0.6474
[n100_k10 seed=1544345179] [====>                   ] 18/100 completed | score=0.6793
[n100_k10 seed=1544345179] [====>                   ] 19/100 completed | score=0.7921
[n100_k10 seed=1544345179] [====>                   ] 20/100 completed | score=0.6464
[n100_k10 seed=1544345179] [=====>                  ] 21/100 completed | score=0.7145
[n100_k10 seed=1544345179] [=====>                  ] 22/100 completed | score=0.6380
[n100_k10 seed=1544345179] [=====>                  ] 23/100 completed | score=0.4822
[n100_k10 seed=1544345179] [=====>                  ] 24/100 completed | score=0.5529
[n100_k10 seed=1544345179] [======>                 ] 25/100 completed | score=0.5631
[n100_k10 seed=1544345179] [======>                 ] 26/100 completed | score=0.4809
[n100_k10 seed=1544345179] [======>                 ] 27/100 completed | score=0.6363
[n100_k10 seed=1544345179] [======>                 ] 28/100 completed | score=0.5962
[n100_k10 seed=1544345179] [======>                 ] 29/100 completed | score=0.4905
[n100_k10 seed=1544345179] [=======>                ] 30/100 completed | score=0.5906
[n100_k10 seed=1544345179] [=======>                ] 31/100 completed | score=0.7128
[n100_k10 seed=1544345179] [=======>                ] 32/100 completed | score=0.5233
[n100_k10 seed=1544345179] [=======>                ] 32/100 generating phase1_random batch=16
[Boltz-2] sampling=deterministic PF-ODE | deterministic=True | latent=explicit z | gamma_0=0
[n100_k10 seed=1544345179] [=======>                ] 33/100 completed | score=0.5077
[n100_k10 seed=1544345179] [========>               ] 34/100 completed | score=0.4853
[n100_k10 seed=1544345179] [========>               ] 35/100 completed | score=0.7106
[n100_k10 seed=1544345179] [========>               ] 36/100 completed | score=0.5604
[n100_k10 seed=1544345179] [========>               ] 37/100 completed | score=0.5115
[n100_k10 seed=1544345179] [=========>              ] 38/100 completed | score=0.4723
[n100_k10 seed=1544345179] [=========>              ] 39/100 completed | score=0.7035
[n100_k10 seed=1544345179] [=========>              ] 40/100 completed | score=0.5222
[n100_k10 seed=1544345179] [=========>              ] 41/100 completed | score=0.4570
[n100_k10 seed=1544345179] [==========>             ] 42/100 completed | score=0.7151
[n100_k10 seed=1544345179] [==========>             ] 43/100 completed | score=0.6574
[n100_k10 seed=1544345179] [==========>             ] 44/100 completed | score=0.5439
[n100_k10 seed=1544345179] [==========>             ] 45/100 completed | score=0.4549
[n100_k10 seed=1544345179] [===========>            ] 46/100 completed | score=0.8029
[n100_k10 seed=1544345179] [===========>            ] 47/100 completed | score=0.7272
[n100_k10 seed=1544345179] [===========>            ] 48/100 completed | score=0.6851
[n100_k10 seed=1544345179] [===========>            ] 48/100 generating phase1_random batch=2
[Boltz-2] sampling=deterministic PF-ODE | deterministic=True | latent=explicit z | gamma_0=0
[n100_k10 seed=1544345179] [===========>            ] 49/100 completed | score=0.5007
[n100_k10 seed=1544345179] [============>           ] 50/100 completed | score=0.7902
[n100_k10 seed=1544345179] phase 1 complete: selected best 5 seeds from 50 random Z samples by oracle TM-score (index:score=2:0.9141, 3:0.8678, 10:0.8387, 15:0.8155, 45:0.8029)
[n100_k10 seed=1544345179] phase 2: constructing U from the selected 5 seeds and evaluating 2 random U samples (U dimension=4)
[n100_k10 seed=1544345179] [============>           ] 50/100 generating bo_initial_random batch=2
[Boltz-2] sampling=deterministic PF-ODE | deterministic=True | latent=explicit z | gamma_0=0
[n100_k10 seed=1544345179] [============>           ] 51/100 completed | score=0.7568
[n100_k10 seed=1544345179] [============>           ] 52/100 completed | score=0.6769
[n100_k10 seed=1544345179] phase 2 complete: 50 random Z + 2 random U = 52/100 evaluations; starting phase 3 BO for 48 rounds
[n100_k10 seed=1544345179] [============>           ] 52/100 fitting BO round 1/48
[n100_k10 seed=1544345179] [============>           ] 52/100 generating bo_acquisition batch=1
[Boltz-2] sampling=deterministic PF-ODE | deterministic=True | latent=explicit z | gamma_0=0
[n100_k10 seed=1544345179] [============>           ] 53/100 completed | score=0.6502
[n100_k10 seed=1544345179] [============>           ] 53/100 fitting BO round 2/48
[n100_k10 seed=1544345179] [============>           ] 53/100 generating bo_acquisition batch=1
[Boltz-2] sampling=deterministic PF-ODE | deterministic=True | latent=explicit z | gamma_0=0
[n100_k10 seed=1544345179] [============>           ] 54/100 completed | score=0.8032
[n100_k10 seed=1544345179] [============>           ] 54/100 fitting BO round 3/48
[n100_k10 seed=1544345179] [============>           ] 54/100 generating bo_acquisition batch=1
[Boltz-2] sampling=deterministic PF-ODE | deterministic=True | latent=explicit z | gamma_0=0
[n100_k10 seed=1544345179] [=============>          ] 55/100 completed | score=0.8277
[n100_k10 seed=1544345179] [=============>          ] 55/100 fitting BO round 4/48
[n100_k10 seed=1544345179] [=============>          ] 55/100 generating bo_acquisition batch=1
[Boltz-2] sampling=deterministic PF-ODE | deterministic=True | latent=explicit z | gamma_0=0
[n100_k10 seed=1544345179] [=============>          ] 56/100 completed | score=0.8228
[n100_k10 seed=1544345179] [=============>          ] 56/100 fitting BO round 5/48
[n100_k10 seed=1544345179] [=============>          ] 56/100 generating bo_acquisition batch=1
[Boltz-2] sampling=deterministic PF-ODE | deterministic=True | latent=explicit z | gamma_0=0
[n100_k10 seed=1544345179] [=============>          ] 57/100 completed | score=0.7550
[n100_k10 seed=1544345179] [=============>          ] 57/100 fitting BO round 6/48
[n100_k10 seed=1544345179] [=============>          ] 57/100 generating bo_acquisition batch=1
[Boltz-2] sampling=deterministic PF-ODE | deterministic=True | latent=explicit z | gamma_0=0
[n100_k10 seed=1544345179] [=============>          ] 58/100 completed | score=0.6735
[n100_k10 seed=1544345179] [=============>          ] 58/100 fitting BO round 7/48
[n100_k10 seed=1544345179] [=============>          ] 58/100 generating bo_acquisition batch=1
[Boltz-2] sampling=deterministic PF-ODE | deterministic=True | latent=explicit z | gamma_0=0
[n100_k10 seed=1544345179] [==============>         ] 59/100 completed | score=0.8784
[n100_k10 seed=1544345179] [==============>         ] 59/100 fitting BO round 8/48
[n100_k10 seed=1544345179] [==============>         ] 59/100 generating bo_acquisition batch=1
[Boltz-2] sampling=deterministic PF-ODE | deterministic=True | latent=explicit z | gamma_0=0
[n100_k10 seed=1544345179] [==============>         ] 60/100 completed | score=0.9110
[n100_k10 seed=1544345179] [==============>         ] 60/100 fitting BO round 9/48
[n100_k10 seed=1544345179] [==============>         ] 60/100 generating bo_acquisition batch=1
[Boltz-2] sampling=deterministic PF-ODE | deterministic=True | latent=explicit z | gamma_0=0
[n100_k10 seed=1544345179] [==============>         ] 61/100 completed | score=0.9119
[n100_k10 seed=1544345179] [==============>         ] 61/100 fitting BO round 10/48
[n100_k10 seed=1544345179] [==============>         ] 61/100 generating bo_acquisition batch=1
[Boltz-2] sampling=deterministic PF-ODE | deterministic=True | latent=explicit z | gamma_0=0
[n100_k10 seed=1544345179] [==============>         ] 62/100 completed | score=0.9125
[n100_k10 seed=1544345179] [==============>         ] 62/100 fitting BO round 11/48
[n100_k10 seed=1544345179] [==============>         ] 62/100 generating bo_acquisition batch=1
[Boltz-2] sampling=deterministic PF-ODE | deterministic=True | latent=explicit z | gamma_0=0
[n100_k10 seed=1544345179] [===============>        ] 63/100 completed | score=0.9141
[n100_k10 seed=1544345179] [===============>        ] 63/100 fitting BO round 12/48
[n100_k10 seed=1544345179] [===============>        ] 63/100 generating bo_acquisition batch=1
[Boltz-2] sampling=deterministic PF-ODE | deterministic=True | latent=explicit z | gamma_0=0
[n100_k10 seed=1544345179] [===============>        ] 64/100 completed | score=0.7929
[n100_k10 seed=1544345179] [===============>        ] 64/100 fitting BO round 13/48
[n100_k10 seed=1544345179] [===============>        ] 64/100 generating bo_acquisition batch=1
[Boltz-2] sampling=deterministic PF-ODE | deterministic=True | latent=explicit z | gamma_0=0
[n100_k10 seed=1544345179] [===============>        ] 65/100 completed | score=0.9141
[n100_k10 seed=1544345179] [===============>        ] 65/100 fitting BO round 14/48
[n100_k10 seed=1544345179] [===============>        ] 65/100 generating bo_acquisition batch=1
[Boltz-2] sampling=deterministic PF-ODE | deterministic=True | latent=explicit z | gamma_0=0
[n100_k10 seed=1544345179] [===============>        ] 66/100 completed | score=0.8938
[n100_k10 seed=1544345179] [===============>        ] 66/100 fitting BO round 15/48
[n100_k10 seed=1544345179] [===============>        ] 66/100 generating bo_acquisition batch=1
[Boltz-2] sampling=deterministic PF-ODE | deterministic=True | latent=explicit z | gamma_0=0
[n100_k10 seed=1544345179] [================>       ] 67/100 completed | score=0.9141
[n100_k10 seed=1544345179] [================>       ] 67/100 fitting BO round 16/48
[n100_k10 seed=1544345179] [================>       ] 67/100 generating bo_acquisition batch=1
[Boltz-2] sampling=deterministic PF-ODE | deterministic=True | latent=explicit z | gamma_0=0
[n100_k10 seed=1544345179] [================>       ] 68/100 completed | score=0.9141
[n100_k10 seed=1544345179] [================>       ] 68/100 fitting BO round 17/48
[n100_k10 seed=1544345179] [================>       ] 68/100 generating bo_acquisition batch=1
[Boltz-2] sampling=deterministic PF-ODE | deterministic=True | latent=explicit z | gamma_0=0
[n100_k10 seed=1544345179] [================>       ] 69/100 completed | score=0.9141
[n100_k10 seed=1544345179] [================>       ] 69/100 fitting BO round 18/48
[n100_k10 seed=1544345179] [================>       ] 69/100 generating bo_acquisition batch=1
[Boltz-2] sampling=deterministic PF-ODE | deterministic=True | latent=explicit z | gamma_0=0
[n100_k10 seed=1544345179] [================>       ] 70/100 completed | score=0.8705
[n100_k10 seed=1544345179] [================>       ] 70/100 fitting BO round 19/48
[n100_k10 seed=1544345179] [================>       ] 70/100 generating bo_acquisition batch=1
[Boltz-2] sampling=deterministic PF-ODE | deterministic=True | latent=explicit z | gamma_0=0
[n100_k10 seed=1544345179] [=================>      ] 71/100 completed | score=0.9141
[n100_k10 seed=1544345179] [=================>      ] 71/100 fitting BO round 20/48
[n100_k10 seed=1544345179] [=================>      ] 71/100 generating bo_acquisition batch=1
[Boltz-2] sampling=deterministic PF-ODE | deterministic=True | latent=explicit z | gamma_0=0
[n100_k10 seed=1544345179] [=================>      ] 72/100 completed | score=0.8783
[n100_k10 seed=1544345179] [=================>      ] 72/100 fitting BO round 21/48
[n100_k10 seed=1544345179] [=================>      ] 72/100 generating bo_acquisition batch=1
[Boltz-2] sampling=deterministic PF-ODE | deterministic=True | latent=explicit z | gamma_0=0
[n100_k10 seed=1544345179] [=================>      ] 73/100 completed | score=0.9141
[n100_k10 seed=1544345179] [=================>      ] 73/100 fitting BO round 22/48
[n100_k10 seed=1544345179] [=================>      ] 73/100 generating bo_acquisition batch=1
[Boltz-2] sampling=deterministic PF-ODE | deterministic=True | latent=explicit z | gamma_0=0
[n100_k10 seed=1544345179] [=================>      ] 74/100 completed | score=0.9141
[n100_k10 seed=1544345179] [=================>      ] 74/100 fitting BO round 23/48
[n100_k10 seed=1544345179] [=================>      ] 74/100 generating bo_acquisition batch=1
[Boltz-2] sampling=deterministic PF-ODE | deterministic=True | latent=explicit z | gamma_0=0
[n100_k10 seed=1544345179] [==================>     ] 75/100 completed | score=0.8678
[n100_k10 seed=1544345179] [==================>     ] 75/100 fitting BO round 24/48
[n100_k10 seed=1544345179] [==================>     ] 75/100 generating bo_acquisition batch=1
[Boltz-2] sampling=deterministic PF-ODE | deterministic=True | latent=explicit z | gamma_0=0
[n100_k10 seed=1544345179] [==================>     ] 76/100 completed | score=0.8678
[n100_k10 seed=1544345179] [==================>     ] 76/100 fitting BO round 25/48
[n100_k10 seed=1544345179] [==================>     ] 76/100 generating bo_acquisition batch=1
[Boltz-2] sampling=deterministic PF-ODE | deterministic=True | latent=explicit z | gamma_0=0
[n100_k10 seed=1544345179] [==================>     ] 77/100 completed | score=0.8410
[n100_k10 seed=1544345179] [==================>     ] 77/100 fitting BO round 26/48
[n100_k10 seed=1544345179] [==================>     ] 77/100 generating bo_acquisition batch=1
[Boltz-2] sampling=deterministic PF-ODE | deterministic=True | latent=explicit z | gamma_0=0
[n100_k10 seed=1544345179] [==================>     ] 78/100 completed | score=0.9141
[n100_k10 seed=1544345179] [==================>     ] 78/100 fitting BO round 27/48
[n100_k10 seed=1544345179] [==================>     ] 78/100 generating bo_acquisition batch=1
[Boltz-2] sampling=deterministic PF-ODE | deterministic=True | latent=explicit z | gamma_0=0
[n100_k10 seed=1544345179] [==================>     ] 79/100 completed | score=0.8730
[n100_k10 seed=1544345179] [==================>     ] 79/100 fitting BO round 28/48
[n100_k10 seed=1544345179] [==================>     ] 79/100 generating bo_acquisition batch=1
[Boltz-2] sampling=deterministic PF-ODE | deterministic=True | latent=explicit z | gamma_0=0
[n100_k10 seed=1544345179] [===================>    ] 80/100 completed | score=0.8974
[n100_k10 seed=1544345179] [===================>    ] 80/100 fitting BO round 29/48
[n100_k10 seed=1544345179] [===================>    ] 80/100 generating bo_acquisition batch=1
[Boltz-2] sampling=deterministic PF-ODE | deterministic=True | latent=explicit z | gamma_0=0
[n100_k10 seed=1544345179] [===================>    ] 81/100 completed | score=0.9141
[n100_k10 seed=1544345179] [===================>    ] 81/100 fitting BO round 30/48
[n100_k10 seed=1544345179] [===================>    ] 81/100 generating bo_acquisition batch=1
[Boltz-2] sampling=deterministic PF-ODE | deterministic=True | latent=explicit z | gamma_0=0
[n100_k10 seed=1544345179] [===================>    ] 82/100 completed | score=0.9142
[n100_k10 seed=1544345179] [===================>    ] 82/100 fitting BO round 31/48
[n100_k10 seed=1544345179] [===================>    ] 82/100 generating bo_acquisition batch=1
[Boltz-2] sampling=deterministic PF-ODE | deterministic=True | latent=explicit z | gamma_0=0
[n100_k10 seed=1544345179] [===================>    ] 83/100 completed | score=0.7825
[n100_k10 seed=1544345179] [===================>    ] 83/100 fitting BO round 32/48
[n100_k10 seed=1544345179] [===================>    ] 83/100 generating bo_acquisition batch=1
[Boltz-2] sampling=deterministic PF-ODE | deterministic=True | latent=explicit z | gamma_0=0
[n100_k10 seed=1544345179] [====================>   ] 84/100 completed | score=0.9141
[n100_k10 seed=1544345179] [====================>   ] 84/100 fitting BO round 33/48
[n100_k10 seed=1544345179] [====================>   ] 84/100 generating bo_acquisition batch=1
[Boltz-2] sampling=deterministic PF-ODE | deterministic=True | latent=explicit z | gamma_0=0
[n100_k10 seed=1544345179] [====================>   ] 85/100 completed | score=0.9141
[n100_k10 seed=1544345179] [====================>   ] 85/100 fitting BO round 34/48
[n100_k10 seed=1544345179] [====================>   ] 85/100 generating bo_acquisition batch=1
[Boltz-2] sampling=deterministic PF-ODE | deterministic=True | latent=explicit z | gamma_0=0
[n100_k10 seed=1544345179] [====================>   ] 86/100 completed | score=0.9141
[n100_k10 seed=1544345179] [====================>   ] 86/100 fitting BO round 35/48
[n100_k10 seed=1544345179] [====================>   ] 86/100 generating bo_acquisition batch=1
[Boltz-2] sampling=deterministic PF-ODE | deterministic=True | latent=explicit z | gamma_0=0
[n100_k10 seed=1544345179] [====================>   ] 87/100 completed | score=0.9141
[n100_k10 seed=1544345179] [====================>   ] 87/100 fitting BO round 36/48
[n100_k10 seed=1544345179] [====================>   ] 87/100 generating bo_acquisition batch=1
[Boltz-2] sampling=deterministic PF-ODE | deterministic=True | latent=explicit z | gamma_0=0
[n100_k10 seed=1544345179] [=====================>  ] 88/100 completed | score=0.6698
[n100_k10 seed=1544345179] [=====================>  ] 88/100 fitting BO round 37/48
[n100_k10 seed=1544345179] [=====================>  ] 88/100 generating bo_acquisition batch=1
[Boltz-2] sampling=deterministic PF-ODE | deterministic=True | latent=explicit z | gamma_0=0
[n100_k10 seed=1544345179] [=====================>  ] 89/100 completed | score=0.8836
[n100_k10 seed=1544345179] [=====================>  ] 89/100 fitting BO round 38/48
[n100_k10 seed=1544345179] [=====================>  ] 89/100 generating bo_acquisition batch=1
[Boltz-2] sampling=deterministic PF-ODE | deterministic=True | latent=explicit z | gamma_0=0
[n100_k10 seed=1544345179] [=====================>  ] 90/100 completed | score=0.8881
[n100_k10 seed=1544345179] [=====================>  ] 90/100 fitting BO round 39/48
[n100_k10 seed=1544345179] [=====================>  ] 90/100 generating bo_acquisition batch=1
[Boltz-2] sampling=deterministic PF-ODE | deterministic=True | latent=explicit z | gamma_0=0
[n100_k10 seed=1544345179] [=====================>  ] 91/100 completed | score=0.9141
[n100_k10 seed=1544345179] [=====================>  ] 91/100 fitting BO round 40/48
[n100_k10 seed=1544345179] [=====================>  ] 91/100 generating bo_acquisition batch=1
[Boltz-2] sampling=deterministic PF-ODE | deterministic=True | latent=explicit z | gamma_0=0
[n100_k10 seed=1544345179] [======================> ] 92/100 completed | score=0.9141
[n100_k10 seed=1544345179] [======================> ] 92/100 fitting BO round 41/48
[n100_k10 seed=1544345179] [======================> ] 92/100 generating bo_acquisition batch=1
[Boltz-2] sampling=deterministic PF-ODE | deterministic=True | latent=explicit z | gamma_0=0
[n100_k10 seed=1544345179] [======================> ] 93/100 completed | score=0.9141
[n100_k10 seed=1544345179] [======================> ] 93/100 fitting BO round 42/48
[n100_k10 seed=1544345179] [======================> ] 93/100 generating bo_acquisition batch=1
[Boltz-2] sampling=deterministic PF-ODE | deterministic=True | latent=explicit z | gamma_0=0
[n100_k10 seed=1544345179] [======================> ] 94/100 completed | score=0.9141
[n100_k10 seed=1544345179] [======================> ] 94/100 fitting BO round 43/48
[n100_k10 seed=1544345179] [======================> ] 94/100 generating bo_acquisition batch=1
[Boltz-2] sampling=deterministic PF-ODE | deterministic=True | latent=explicit z | gamma_0=0
[n100_k10 seed=1544345179] [======================> ] 95/100 completed | score=0.9141
[n100_k10 seed=1544345179] [======================> ] 95/100 fitting BO round 44/48
[n100_k10 seed=1544345179] [======================> ] 95/100 generating bo_acquisition batch=1
[Boltz-2] sampling=deterministic PF-ODE | deterministic=True | latent=explicit z | gamma_0=0
[n100_k10 seed=1544345179] [=======================>] 96/100 completed | score=0.9197
[n100_k10 seed=1544345179] [=======================>] 96/100 fitting BO round 45/48
[n100_k10 seed=1544345179] [=======================>] 96/100 generating bo_acquisition batch=1
[Boltz-2] sampling=deterministic PF-ODE | deterministic=True | latent=explicit z | gamma_0=0
[n100_k10 seed=1544345179] [=======================>] 97/100 completed | score=0.9141
[n100_k10 seed=1544345179] [=======================>] 97/100 fitting BO round 46/48
[n100_k10 seed=1544345179] [=======================>] 97/100 generating bo_acquisition batch=1
[Boltz-2] sampling=deterministic PF-ODE | deterministic=True | latent=explicit z | gamma_0=0
[n100_k10 seed=1544345179] [=======================>] 98/100 completed | score=0.9141
[n100_k10 seed=1544345179] [=======================>] 98/100 fitting BO round 47/48
[n100_k10 seed=1544345179] [=======================>] 98/100 generating bo_acquisition batch=1
[Boltz-2] sampling=deterministic PF-ODE | deterministic=True | latent=explicit z | gamma_0=0
[n100_k10 seed=1544345179] [=======================>] 99/100 completed | score=0.9141
[n100_k10 seed=1544345179] [=======================>] 99/100 fitting BO round 48/48
[n100_k10 seed=1544345179] [=======================>] 99/100 generating bo_acquisition batch=1
[Boltz-2] sampling=deterministic PF-ODE | deterministic=True | latent=explicit z | gamma_0=0
[n100_k10 seed=1544345179] [========================] 100/100 completed | score=0.9141
[n100_k10 seed=1544345179] O3 protocol complete: 50 + 2 + 48 = 100 oracle evaluations
[n100_k10 method=o3 seed=1544345179] max-of-K=0.9197 mean-of-K=0.9147
Worker finished 2 O3 replicate(s) in /mnt/SSD3/Chase/budgetting O3/outputs/1cll/k10_n100/o3/runs/sep09_step1_r5
[Boltz-2] auto precision selected 32 for NVIDIA GeForce GTX TITAN X
All inputs are already processed.
[12:49:54] Depickling from a version number (16.2)that is higher than our version (16.1).
This probably won't work.
[12:49:54] Depickling from a version number (16.2)that is higher than our version (16.1).
This probably won't work.
[12:49:54] Depickling from a version number (16.2)that is higher than our version (16.1).
This probably won't work.
[12:49:54] Depickling from a version number (16.2)that is higher than our version (16.1).
This probably won't work.
[12:49:54] Depickling from a version number (16.2)that is higher than our version (16.1).
This probably won't work.
[12:49:54] Depickling from a version number (16.2)that is higher than our version (16.1).
This probably won't work.
[12:49:54] Depickling from a version number (16.2)that is higher than our version (16.1).
This probably won't work.
[12:49:54] Depickling from a version number (16.2)that is higher than our version (16.1).
This probably won't work.
[12:49:54] Depickling from a version number (16.2)that is higher than our version (16.1).
This probably won't work.
[12:49:54] Depickling from a version number (16.2)that is higher than our version (16.1).
This probably won't work.
[12:49:54] Depickling from a version number (16.2)that is higher than our version (16.1).
This probably won't work.
[12:49:54] Depickling from a version number (16.2)that is higher than our version (16.1).
This probably won't work.
[12:49:54] Depickling from a version number (16.2)that is higher than our version (16.1).
This probably won't work.
[12:49:54] Depickling from a version number (16.2)that is higher than our version (16.1).
This probably won't work.
[12:49:54] Depickling from a version number (16.2)that is higher than our version (16.1).
This probably won't work.
[12:49:54] Depickling from a version number (16.2)that is higher than our version (16.1).
This probably won't work.
[12:49:54] Depickling from a version number (16.2)that is higher than our version (16.1).
This probably won't work.
[12:49:54] Depickling from a version number (16.2)that is higher than our version (16.1).
This probably won't work.
[12:49:54] Depickling from a version number (16.2)that is higher than our version (16.1).
This probably won't work.
[12:49:54] Depickling from a version number (16.2)that is higher than our version (16.1).
This probably won't work.
[12:49:54] Depickling from a version number (16.2)that is higher than our version (16.1).
This probably won't work.
Processing 0 inputs with 0 threads.
0it [00:00, ?it/s]0it [00:00, ?it/s]
[12:49:54] Depickling from a version number (16.2)that is higher than our version (16.1).
This probably won't work.
[12:49:54] Depickling from a version number (16.2)that is higher than our version (16.1).
This probably won't work.
[12:49:54] Depickling from a version number (16.2)that is higher than our version (16.1).
This probably won't work.
[12:49:54] Depickling from a version number (16.2)that is higher than our version (16.1).
This probably won't work.
[12:49:54] Depickling from a version number (16.2)that is higher than our version (16.1).
This probably won't work.
[12:49:54] Depickling from a version number (16.2)that is higher than our version (16.1).
This probably won't work.
[12:49:54] Depickling from a version number (16.2)that is higher than our version (16.1).
This probably won't work.
[12:49:54] Depickling from a version number (16.2)that is higher than our version (16.1).
This probably won't work.
[12:49:54] Depickling from a version number (16.2)that is higher than our version (16.1).
This probably won't work.
[12:49:54] Depickling from a version number (16.2)that is higher than our version (16.1).
This probably won't work.
[12:49:54] Depickling from a version number (16.2)that is higher than our version (16.1).
This probably won't work.
[12:49:54] Depickling from a version number (16.2)that is higher than our version (16.1).
This probably won't work.
[12:49:54] Depickling from a version number (16.2)that is higher than our version (16.1).
This probably won't work.
[12:49:54] Depickling from a version number (16.2)that is higher than our version (16.1).
This probably won't work.
[12:49:54] Depickling from a version number (16.2)that is higher than our version (16.1).
This probably won't work.
[12:49:54] Depickling from a version number (16.2)that is higher than our version (16.1).
This probably won't work.
[12:49:54] Depickling from a version number (16.2)that is higher than our version (16.1).
This probably won't work.
[12:49:54] Depickling from a version number (16.2)that is higher than our version (16.1).
This probably won't work.
[12:49:54] Depickling from a version number (16.2)that is higher than our version (16.1).
This probably won't work.
[12:49:54] Depickling from a version number (16.2)that is higher than our version (16.1).
This probably won't work.
[12:49:54] Depickling from a version number (16.2)that is higher than our version (16.1).
This probably won't work.
Boltz atom tensor: 1134 real atoms, 1184 padded sampler slots.
[random-pfode] shared replicate seeds: [2139874892, 1544345179]
[n100_k10 random-pfode seed=2139874892] diagnostic protocol: 100 independent random Z samples -> select best 10
[n100_k10 random-pfode seed=2139874892] generating 1/100 random Z samples
[Boltz-2] sampling=deterministic PF-ODE | deterministic=True | latent=explicit z | gamma_0=0
[n100_k10 random-pfode seed=2139874892] completed 1/100 | score=0.6619
[n100_k10 random-pfode seed=2139874892] generating 2/100 random Z samples
[Boltz-2] sampling=deterministic PF-ODE | deterministic=True | latent=explicit z | gamma_0=0
[n100_k10 random-pfode seed=2139874892] completed 2/100 | score=0.5435
[n100_k10 random-pfode seed=2139874892] generating 3/100 random Z samples
[Boltz-2] sampling=deterministic PF-ODE | deterministic=True | latent=explicit z | gamma_0=0
[n100_k10 random-pfode seed=2139874892] completed 3/100 | score=0.5232
[n100_k10 random-pfode seed=2139874892] generating 4/100 random Z samples
[Boltz-2] sampling=deterministic PF-ODE | deterministic=True | latent=explicit z | gamma_0=0
[n100_k10 random-pfode seed=2139874892] completed 4/100 | score=0.4577
[n100_k10 random-pfode seed=2139874892] generating 5/100 random Z samples
[Boltz-2] sampling=deterministic PF-ODE | deterministic=True | latent=explicit z | gamma_0=0
[n100_k10 random-pfode seed=2139874892] completed 5/100 | score=0.6678
[n100_k10 random-pfode seed=2139874892] generating 6/100 random Z samples
[Boltz-2] sampling=deterministic PF-ODE | deterministic=True | latent=explicit z | gamma_0=0
[n100_k10 random-pfode seed=2139874892] completed 6/100 | score=0.4787
[n100_k10 random-pfode seed=2139874892] generating 7/100 random Z samples
[Boltz-2] sampling=deterministic PF-ODE | deterministic=True | latent=explicit z | gamma_0=0
[n100_k10 random-pfode seed=2139874892] completed 7/100 | score=0.7809
[n100_k10 random-pfode seed=2139874892] generating 8/100 random Z samples
[Boltz-2] sampling=deterministic PF-ODE | deterministic=True | latent=explicit z | gamma_0=0
[n100_k10 random-pfode seed=2139874892] completed 8/100 | score=0.7128
[n100_k10 random-pfode seed=2139874892] generating 9/100 random Z samples
[Boltz-2] sampling=deterministic PF-ODE | deterministic=True | latent=explicit z | gamma_0=0
[n100_k10 random-pfode seed=2139874892] completed 9/100 | score=0.6085
[n100_k10 random-pfode seed=2139874892] generating 10/100 random Z samples
[Boltz-2] sampling=deterministic PF-ODE | deterministic=True | latent=explicit z | gamma_0=0
[n100_k10 random-pfode seed=2139874892] completed 10/100 | score=0.7384
[n100_k10 random-pfode seed=2139874892] generating 11/100 random Z samples
[Boltz-2] sampling=deterministic PF-ODE | deterministic=True | latent=explicit z | gamma_0=0
[n100_k10 random-pfode seed=2139874892] completed 11/100 | score=0.8458
[n100_k10 random-pfode seed=2139874892] generating 12/100 random Z samples
[Boltz-2] sampling=deterministic PF-ODE | deterministic=True | latent=explicit z | gamma_0=0
[n100_k10 random-pfode seed=2139874892] completed 12/100 | score=0.7335
[n100_k10 random-pfode seed=2139874892] generating 13/100 random Z samples
[Boltz-2] sampling=deterministic PF-ODE | deterministic=True | latent=explicit z | gamma_0=0
[n100_k10 random-pfode seed=2139874892] completed 13/100 | score=0.6911
[n100_k10 random-pfode seed=2139874892] generating 14/100 random Z samples
[Boltz-2] sampling=deterministic PF-ODE | deterministic=True | latent=explicit z | gamma_0=0
[n100_k10 random-pfode seed=2139874892] completed 14/100 | score=0.5721
[n100_k10 random-pfode seed=2139874892] generating 15/100 random Z samples
[Boltz-2] sampling=deterministic PF-ODE | deterministic=True | latent=explicit z | gamma_0=0
[n100_k10 random-pfode seed=2139874892] completed 15/100 | score=0.6599
[n100_k10 random-pfode seed=2139874892] generating 16/100 random Z samples
[Boltz-2] sampling=deterministic PF-ODE | deterministic=True | latent=explicit z | gamma_0=0
[n100_k10 random-pfode seed=2139874892] completed 16/100 | score=0.5789
[n100_k10 random-pfode seed=2139874892] generating 17/100 random Z samples
[Boltz-2] sampling=deterministic PF-ODE | deterministic=True | latent=explicit z | gamma_0=0
[n100_k10 random-pfode seed=2139874892] completed 17/100 | score=0.7923
[n100_k10 random-pfode seed=2139874892] generating 18/100 random Z samples
[Boltz-2] sampling=deterministic PF-ODE | deterministic=True | latent=explicit z | gamma_0=0
[n100_k10 random-pfode seed=2139874892] completed 18/100 | score=0.6656
[n100_k10 random-pfode seed=2139874892] generating 19/100 random Z samples
[Boltz-2] sampling=deterministic PF-ODE | deterministic=True | latent=explicit z | gamma_0=0
[n100_k10 random-pfode seed=2139874892] completed 19/100 | score=0.6034
[n100_k10 random-pfode seed=2139874892] generating 20/100 random Z samples
[Boltz-2] sampling=deterministic PF-ODE | deterministic=True | latent=explicit z | gamma_0=0
[n100_k10 random-pfode seed=2139874892] completed 20/100 | score=0.7723
[n100_k10 random-pfode seed=2139874892] generating 21/100 random Z samples
[Boltz-2] sampling=deterministic PF-ODE | deterministic=True | latent=explicit z | gamma_0=0
[n100_k10 random-pfode seed=2139874892] completed 21/100 | score=0.6756
[n100_k10 random-pfode seed=2139874892] generating 22/100 random Z samples
[Boltz-2] sampling=deterministic PF-ODE | deterministic=True | latent=explicit z | gamma_0=0
[n100_k10 random-pfode seed=2139874892] completed 22/100 | score=0.6671
[n100_k10 random-pfode seed=2139874892] generating 23/100 random Z samples
[Boltz-2] sampling=deterministic PF-ODE | deterministic=True | latent=explicit z | gamma_0=0
[n100_k10 random-pfode seed=2139874892] completed 23/100 | score=0.5005
[n100_k10 random-pfode seed=2139874892] generating 24/100 random Z samples
[Boltz-2] sampling=deterministic PF-ODE | deterministic=True | latent=explicit z | gamma_0=0
[n100_k10 random-pfode seed=2139874892] completed 24/100 | score=0.5915
[n100_k10 random-pfode seed=2139874892] generating 25/100 random Z samples
[Boltz-2] sampling=deterministic PF-ODE | deterministic=True | latent=explicit z | gamma_0=0
[n100_k10 random-pfode seed=2139874892] completed 25/100 | score=0.5694
[n100_k10 random-pfode seed=2139874892] generating 26/100 random Z samples
[Boltz-2] sampling=deterministic PF-ODE | deterministic=True | latent=explicit z | gamma_0=0
[n100_k10 random-pfode seed=2139874892] completed 26/100 | score=0.6492
[n100_k10 random-pfode seed=2139874892] generating 27/100 random Z samples
[Boltz-2] sampling=deterministic PF-ODE | deterministic=True | latent=explicit z | gamma_0=0
[n100_k10 random-pfode seed=2139874892] completed 27/100 | score=0.6293
[n100_k10 random-pfode seed=2139874892] generating 28/100 random Z samples
[Boltz-2] sampling=deterministic PF-ODE | deterministic=True | latent=explicit z | gamma_0=0
[n100_k10 random-pfode seed=2139874892] completed 28/100 | score=0.8046
[n100_k10 random-pfode seed=2139874892] generating 29/100 random Z samples
[Boltz-2] sampling=deterministic PF-ODE | deterministic=True | latent=explicit z | gamma_0=0
[n100_k10 random-pfode seed=2139874892] completed 29/100 | score=0.7237
[n100_k10 random-pfode seed=2139874892] generating 30/100 random Z samples
[Boltz-2] sampling=deterministic PF-ODE | deterministic=True | latent=explicit z | gamma_0=0
[n100_k10 random-pfode seed=2139874892] completed 30/100 | score=0.4232
[n100_k10 random-pfode seed=2139874892] generating 31/100 random Z samples
[Boltz-2] sampling=deterministic PF-ODE | deterministic=True | latent=explicit z | gamma_0=0
[n100_k10 random-pfode seed=2139874892] completed 31/100 | score=0.5682
[n100_k10 random-pfode seed=2139874892] generating 32/100 random Z samples
[Boltz-2] sampling=deterministic PF-ODE | deterministic=True | latent=explicit z | gamma_0=0
[n100_k10 random-pfode seed=2139874892] completed 32/100 | score=0.6497
[n100_k10 random-pfode seed=2139874892] generating 33/100 random Z samples
[Boltz-2] sampling=deterministic PF-ODE | deterministic=True | latent=explicit z | gamma_0=0
[n100_k10 random-pfode seed=2139874892] completed 33/100 | score=0.5750
[n100_k10 random-pfode seed=2139874892] generating 34/100 random Z samples
[Boltz-2] sampling=deterministic PF-ODE | deterministic=True | latent=explicit z | gamma_0=0
[n100_k10 random-pfode seed=2139874892] completed 34/100 | score=0.4852
[n100_k10 random-pfode seed=2139874892] generating 35/100 random Z samples
[Boltz-2] sampling=deterministic PF-ODE | deterministic=True | latent=explicit z | gamma_0=0
[n100_k10 random-pfode seed=2139874892] completed 35/100 | score=0.4659
[n100_k10 random-pfode seed=2139874892] generating 36/100 random Z samples
[Boltz-2] sampling=deterministic PF-ODE | deterministic=True | latent=explicit z | gamma_0=0
[n100_k10 random-pfode seed=2139874892] completed 36/100 | score=0.7413
[n100_k10 random-pfode seed=2139874892] generating 37/100 random Z samples
[Boltz-2] sampling=deterministic PF-ODE | deterministic=True | latent=explicit z | gamma_0=0
[n100_k10 random-pfode seed=2139874892] completed 37/100 | score=0.6851
[n100_k10 random-pfode seed=2139874892] generating 38/100 random Z samples
[Boltz-2] sampling=deterministic PF-ODE | deterministic=True | latent=explicit z | gamma_0=0
[n100_k10 random-pfode seed=2139874892] completed 38/100 | score=0.5787
[n100_k10 random-pfode seed=2139874892] generating 39/100 random Z samples
[Boltz-2] sampling=deterministic PF-ODE | deterministic=True | latent=explicit z | gamma_0=0
[n100_k10 random-pfode seed=2139874892] completed 39/100 | score=0.7076
[n100_k10 random-pfode seed=2139874892] generating 40/100 random Z samples
[Boltz-2] sampling=deterministic PF-ODE | deterministic=True | latent=explicit z | gamma_0=0
[n100_k10 random-pfode seed=2139874892] completed 40/100 | score=0.7470
[n100_k10 random-pfode seed=2139874892] generating 41/100 random Z samples
[Boltz-2] sampling=deterministic PF-ODE | deterministic=True | latent=explicit z | gamma_0=0
[n100_k10 random-pfode seed=2139874892] completed 41/100 | score=0.4111
[n100_k10 random-pfode seed=2139874892] generating 42/100 random Z samples
[Boltz-2] sampling=deterministic PF-ODE | deterministic=True | latent=explicit z | gamma_0=0
[n100_k10 random-pfode seed=2139874892] completed 42/100 | score=0.6250
[n100_k10 random-pfode seed=2139874892] generating 43/100 random Z samples
[Boltz-2] sampling=deterministic PF-ODE | deterministic=True | latent=explicit z | gamma_0=0
[n100_k10 random-pfode seed=2139874892] completed 43/100 | score=0.5968
[n100_k10 random-pfode seed=2139874892] generating 44/100 random Z samples
[Boltz-2] sampling=deterministic PF-ODE | deterministic=True | latent=explicit z | gamma_0=0
[n100_k10 random-pfode seed=2139874892] completed 44/100 | score=0.5689
[n100_k10 random-pfode seed=2139874892] generating 45/100 random Z samples
[Boltz-2] sampling=deterministic PF-ODE | deterministic=True | latent=explicit z | gamma_0=0
[n100_k10 random-pfode seed=2139874892] completed 45/100 | score=0.5703
[n100_k10 random-pfode seed=2139874892] generating 46/100 random Z samples
[Boltz-2] sampling=deterministic PF-ODE | deterministic=True | latent=explicit z | gamma_0=0
[n100_k10 random-pfode seed=2139874892] completed 46/100 | score=0.7870
[n100_k10 random-pfode seed=2139874892] generating 47/100 random Z samples
[Boltz-2] sampling=deterministic PF-ODE | deterministic=True | latent=explicit z | gamma_0=0
[n100_k10 random-pfode seed=2139874892] completed 47/100 | score=0.7036
[n100_k10 random-pfode seed=2139874892] generating 48/100 random Z samples
[Boltz-2] sampling=deterministic PF-ODE | deterministic=True | latent=explicit z | gamma_0=0
[n100_k10 random-pfode seed=2139874892] completed 48/100 | score=0.7450
[n100_k10 random-pfode seed=2139874892] generating 49/100 random Z samples
[Boltz-2] sampling=deterministic PF-ODE | deterministic=True | latent=explicit z | gamma_0=0
[n100_k10 random-pfode seed=2139874892] completed 49/100 | score=0.5494
[n100_k10 random-pfode seed=2139874892] generating 50/100 random Z samples
[Boltz-2] sampling=deterministic PF-ODE | deterministic=True | latent=explicit z | gamma_0=0
[n100_k10 random-pfode seed=2139874892] completed 50/100 | score=0.5787
[n100_k10 random-pfode seed=2139874892] generating 51/100 random Z samples
[Boltz-2] sampling=deterministic PF-ODE | deterministic=True | latent=explicit z | gamma_0=0
[n100_k10 random-pfode seed=2139874892] completed 51/100 | score=0.7185
[n100_k10 random-pfode seed=2139874892] generating 52/100 random Z samples
[Boltz-2] sampling=deterministic PF-ODE | deterministic=True | latent=explicit z | gamma_0=0
[n100_k10 random-pfode seed=2139874892] completed 52/100 | score=0.5573
[n100_k10 random-pfode seed=2139874892] generating 53/100 random Z samples
[Boltz-2] sampling=deterministic PF-ODE | deterministic=True | latent=explicit z | gamma_0=0
[n100_k10 random-pfode seed=2139874892] completed 53/100 | score=0.7974
[n100_k10 random-pfode seed=2139874892] generating 54/100 random Z samples
[Boltz-2] sampling=deterministic PF-ODE | deterministic=True | latent=explicit z | gamma_0=0
[n100_k10 random-pfode seed=2139874892] completed 54/100 | score=0.5634
[n100_k10 random-pfode seed=2139874892] generating 55/100 random Z samples
[Boltz-2] sampling=deterministic PF-ODE | deterministic=True | latent=explicit z | gamma_0=0
[n100_k10 random-pfode seed=2139874892] completed 55/100 | score=0.7132
[n100_k10 random-pfode seed=2139874892] generating 56/100 random Z samples
[Boltz-2] sampling=deterministic PF-ODE | deterministic=True | latent=explicit z | gamma_0=0
[n100_k10 random-pfode seed=2139874892] completed 56/100 | score=0.6941
[n100_k10 random-pfode seed=2139874892] generating 57/100 random Z samples
[Boltz-2] sampling=deterministic PF-ODE | deterministic=True | latent=explicit z | gamma_0=0
[n100_k10 random-pfode seed=2139874892] completed 57/100 | score=0.5045
[n100_k10 random-pfode seed=2139874892] generating 58/100 random Z samples
[Boltz-2] sampling=deterministic PF-ODE | deterministic=True | latent=explicit z | gamma_0=0
[n100_k10 random-pfode seed=2139874892] completed 58/100 | score=0.6577
[n100_k10 random-pfode seed=2139874892] generating 59/100 random Z samples
[Boltz-2] sampling=deterministic PF-ODE | deterministic=True | latent=explicit z | gamma_0=0
[n100_k10 random-pfode seed=2139874892] completed 59/100 | score=0.6008
[n100_k10 random-pfode seed=2139874892] generating 60/100 random Z samples
[Boltz-2] sampling=deterministic PF-ODE | deterministic=True | latent=explicit z | gamma_0=0
[n100_k10 random-pfode seed=2139874892] completed 60/100 | score=0.7356
[n100_k10 random-pfode seed=2139874892] generating 61/100 random Z samples
[Boltz-2] sampling=deterministic PF-ODE | deterministic=True | latent=explicit z | gamma_0=0
[n100_k10 random-pfode seed=2139874892] completed 61/100 | score=0.9215
[n100_k10 random-pfode seed=2139874892] generating 62/100 random Z samples
[Boltz-2] sampling=deterministic PF-ODE | deterministic=True | latent=explicit z | gamma_0=0
[n100_k10 random-pfode seed=2139874892] completed 62/100 | score=0.8022
[n100_k10 random-pfode seed=2139874892] generating 63/100 random Z samples
[Boltz-2] sampling=deterministic PF-ODE | deterministic=True | latent=explicit z | gamma_0=0
[n100_k10 random-pfode seed=2139874892] completed 63/100 | score=0.6732
[n100_k10 random-pfode seed=2139874892] generating 64/100 random Z samples
[Boltz-2] sampling=deterministic PF-ODE | deterministic=True | latent=explicit z | gamma_0=0
[n100_k10 random-pfode seed=2139874892] completed 64/100 | score=0.7084
[n100_k10 random-pfode seed=2139874892] generating 65/100 random Z samples
[Boltz-2] sampling=deterministic PF-ODE | deterministic=True | latent=explicit z | gamma_0=0
[n100_k10 random-pfode seed=2139874892] completed 65/100 | score=0.6449
[n100_k10 random-pfode seed=2139874892] generating 66/100 random Z samples
[Boltz-2] sampling=deterministic PF-ODE | deterministic=True | latent=explicit z | gamma_0=0
[n100_k10 random-pfode seed=2139874892] completed 66/100 | score=0.7017
[n100_k10 random-pfode seed=2139874892] generating 67/100 random Z samples
[Boltz-2] sampling=deterministic PF-ODE | deterministic=True | latent=explicit z | gamma_0=0
[n100_k10 random-pfode seed=2139874892] completed 67/100 | score=0.6734
[n100_k10 random-pfode seed=2139874892] generating 68/100 random Z samples
[Boltz-2] sampling=deterministic PF-ODE | deterministic=True | latent=explicit z | gamma_0=0
[n100_k10 random-pfode seed=2139874892] completed 68/100 | score=0.6440
[n100_k10 random-pfode seed=2139874892] generating 69/100 random Z samples
[Boltz-2] sampling=deterministic PF-ODE | deterministic=True | latent=explicit z | gamma_0=0
[n100_k10 random-pfode seed=2139874892] completed 69/100 | score=0.6075
[n100_k10 random-pfode seed=2139874892] generating 70/100 random Z samples
[Boltz-2] sampling=deterministic PF-ODE | deterministic=True | latent=explicit z | gamma_0=0
[n100_k10 random-pfode seed=2139874892] completed 70/100 | score=0.4672
[n100_k10 random-pfode seed=2139874892] generating 71/100 random Z samples
[Boltz-2] sampling=deterministic PF-ODE | deterministic=True | latent=explicit z | gamma_0=0
[n100_k10 random-pfode seed=2139874892] completed 71/100 | score=0.5833
[n100_k10 random-pfode seed=2139874892] generating 72/100 random Z samples
[Boltz-2] sampling=deterministic PF-ODE | deterministic=True | latent=explicit z | gamma_0=0
[n100_k10 random-pfode seed=2139874892] completed 72/100 | score=0.6867
[n100_k10 random-pfode seed=2139874892] generating 73/100 random Z samples
[Boltz-2] sampling=deterministic PF-ODE | deterministic=True | latent=explicit z | gamma_0=0
[n100_k10 random-pfode seed=2139874892] completed 73/100 | score=0.6199
[n100_k10 random-pfode seed=2139874892] generating 74/100 random Z samples
[Boltz-2] sampling=deterministic PF-ODE | deterministic=True | latent=explicit z | gamma_0=0
[n100_k10 random-pfode seed=2139874892] completed 74/100 | score=0.7347
[n100_k10 random-pfode seed=2139874892] generating 75/100 random Z samples
[Boltz-2] sampling=deterministic PF-ODE | deterministic=True | latent=explicit z | gamma_0=0
[n100_k10 random-pfode seed=2139874892] completed 75/100 | score=0.6223
[n100_k10 random-pfode seed=2139874892] generating 76/100 random Z samples
[Boltz-2] sampling=deterministic PF-ODE | deterministic=True | latent=explicit z | gamma_0=0
[n100_k10 random-pfode seed=2139874892] completed 76/100 | score=0.7458
[n100_k10 random-pfode seed=2139874892] generating 77/100 random Z samples
[Boltz-2] sampling=deterministic PF-ODE | deterministic=True | latent=explicit z | gamma_0=0
[n100_k10 random-pfode seed=2139874892] completed 77/100 | score=0.7110
[n100_k10 random-pfode seed=2139874892] generating 78/100 random Z samples
[Boltz-2] sampling=deterministic PF-ODE | deterministic=True | latent=explicit z | gamma_0=0
[n100_k10 random-pfode seed=2139874892] completed 78/100 | score=0.5686
[n100_k10 random-pfode seed=2139874892] generating 79/100 random Z samples
[Boltz-2] sampling=deterministic PF-ODE | deterministic=True | latent=explicit z | gamma_0=0
[n100_k10 random-pfode seed=2139874892] completed 79/100 | score=0.5395
[n100_k10 random-pfode seed=2139874892] generating 80/100 random Z samples
[Boltz-2] sampling=deterministic PF-ODE | deterministic=True | latent=explicit z | gamma_0=0
[n100_k10 random-pfode seed=2139874892] completed 80/100 | score=0.6033
[n100_k10 random-pfode seed=2139874892] generating 81/100 random Z samples
[Boltz-2] sampling=deterministic PF-ODE | deterministic=True | latent=explicit z | gamma_0=0
[n100_k10 random-pfode seed=2139874892] completed 81/100 | score=0.6995
[n100_k10 random-pfode seed=2139874892] generating 82/100 random Z samples
[Boltz-2] sampling=deterministic PF-ODE | deterministic=True | latent=explicit z | gamma_0=0
[n100_k10 random-pfode seed=2139874892] completed 82/100 | score=0.8080
[n100_k10 random-pfode seed=2139874892] generating 83/100 random Z samples
[Boltz-2] sampling=deterministic PF-ODE | deterministic=True | latent=explicit z | gamma_0=0
[n100_k10 random-pfode seed=2139874892] completed 83/100 | score=0.7402
[n100_k10 random-pfode seed=2139874892] generating 84/100 random Z samples
[Boltz-2] sampling=deterministic PF-ODE | deterministic=True | latent=explicit z | gamma_0=0
[n100_k10 random-pfode seed=2139874892] completed 84/100 | score=0.6422
[n100_k10 random-pfode seed=2139874892] generating 85/100 random Z samples
[Boltz-2] sampling=deterministic PF-ODE | deterministic=True | latent=explicit z | gamma_0=0
[n100_k10 random-pfode seed=2139874892] completed 85/100 | score=0.5911
[n100_k10 random-pfode seed=2139874892] generating 86/100 random Z samples
[Boltz-2] sampling=deterministic PF-ODE | deterministic=True | latent=explicit z | gamma_0=0
[n100_k10 random-pfode seed=2139874892] completed 86/100 | score=0.4596
[n100_k10 random-pfode seed=2139874892] generating 87/100 random Z samples
[Boltz-2] sampling=deterministic PF-ODE | deterministic=True | latent=explicit z | gamma_0=0
[n100_k10 random-pfode seed=2139874892] completed 87/100 | score=0.5021
[n100_k10 random-pfode seed=2139874892] generating 88/100 random Z samples
[Boltz-2] sampling=deterministic PF-ODE | deterministic=True | latent=explicit z | gamma_0=0
[n100_k10 random-pfode seed=2139874892] completed 88/100 | score=0.5725
[n100_k10 random-pfode seed=2139874892] generating 89/100 random Z samples
[Boltz-2] sampling=deterministic PF-ODE | deterministic=True | latent=explicit z | gamma_0=0
[n100_k10 random-pfode seed=2139874892] completed 89/100 | score=0.5612
[n100_k10 random-pfode seed=2139874892] generating 90/100 random Z samples
[Boltz-2] sampling=deterministic PF-ODE | deterministic=True | latent=explicit z | gamma_0=0
[n100_k10 random-pfode seed=2139874892] completed 90/100 | score=0.5061
[n100_k10 random-pfode seed=2139874892] generating 91/100 random Z samples
[Boltz-2] sampling=deterministic PF-ODE | deterministic=True | latent=explicit z | gamma_0=0
[n100_k10 random-pfode seed=2139874892] completed 91/100 | score=0.6795
[n100_k10 random-pfode seed=2139874892] generating 92/100 random Z samples
[Boltz-2] sampling=deterministic PF-ODE | deterministic=True | latent=explicit z | gamma_0=0
[n100_k10 random-pfode seed=2139874892] completed 92/100 | score=0.5345
[n100_k10 random-pfode seed=2139874892] generating 93/100 random Z samples
[Boltz-2] sampling=deterministic PF-ODE | deterministic=True | latent=explicit z | gamma_0=0
[n100_k10 random-pfode seed=2139874892] completed 93/100 | score=0.4641
[n100_k10 random-pfode seed=2139874892] generating 94/100 random Z samples
[Boltz-2] sampling=deterministic PF-ODE | deterministic=True | latent=explicit z | gamma_0=0
[n100_k10 random-pfode seed=2139874892] completed 94/100 | score=0.4704
[n100_k10 random-pfode seed=2139874892] generating 95/100 random Z samples
[Boltz-2] sampling=deterministic PF-ODE | deterministic=True | latent=explicit z | gamma_0=0
[n100_k10 random-pfode seed=2139874892] completed 95/100 | score=0.6629
[n100_k10 random-pfode seed=2139874892] generating 96/100 random Z samples
[Boltz-2] sampling=deterministic PF-ODE | deterministic=True | latent=explicit z | gamma_0=0
[n100_k10 random-pfode seed=2139874892] completed 96/100 | score=0.5809
[n100_k10 random-pfode seed=2139874892] generating 97/100 random Z samples
[Boltz-2] sampling=deterministic PF-ODE | deterministic=True | latent=explicit z | gamma_0=0
[n100_k10 random-pfode seed=2139874892] completed 97/100 | score=0.4838
[n100_k10 random-pfode seed=2139874892] generating 98/100 random Z samples
[Boltz-2] sampling=deterministic PF-ODE | deterministic=True | latent=explicit z | gamma_0=0
[n100_k10 random-pfode seed=2139874892] completed 98/100 | score=0.6998
[n100_k10 random-pfode seed=2139874892] generating 99/100 random Z samples
[Boltz-2] sampling=deterministic PF-ODE | deterministic=True | latent=explicit z | gamma_0=0
[n100_k10 random-pfode seed=2139874892] completed 99/100 | score=0.5030
[n100_k10 random-pfode seed=2139874892] generating 100/100 random Z samples
[Boltz-2] sampling=deterministic PF-ODE | deterministic=True | latent=explicit z | gamma_0=0
[n100_k10 random-pfode seed=2139874892] completed 100/100 | score=0.7203
[n100_k10 random-pfode seed=2139874892] diagnostic complete: 100 random Z samples -> best 10; mean-of-K=0.8112
[n100_k10 random-pfode seed=1544345179] diagnostic protocol: 100 independent random Z samples -> select best 10
[n100_k10 random-pfode seed=1544345179] generating 1/100 random Z samples
[Boltz-2] sampling=deterministic PF-ODE | deterministic=True | latent=explicit z | gamma_0=0
[n100_k10 random-pfode seed=1544345179] completed 1/100 | score=0.5288
[n100_k10 random-pfode seed=1544345179] generating 2/100 random Z samples
[Boltz-2] sampling=deterministic PF-ODE | deterministic=True | latent=explicit z | gamma_0=0
[n100_k10 random-pfode seed=1544345179] completed 2/100 | score=0.6160
[n100_k10 random-pfode seed=1544345179] generating 3/100 random Z samples
[Boltz-2] sampling=deterministic PF-ODE | deterministic=True | latent=explicit z | gamma_0=0
[n100_k10 random-pfode seed=1544345179] completed 3/100 | score=0.9140
[n100_k10 random-pfode seed=1544345179] generating 4/100 random Z samples
[Boltz-2] sampling=deterministic PF-ODE | deterministic=True | latent=explicit z | gamma_0=0
[n100_k10 random-pfode seed=1544345179] completed 4/100 | score=0.8676
[n100_k10 random-pfode seed=1544345179] generating 5/100 random Z samples
[Boltz-2] sampling=deterministic PF-ODE | deterministic=True | latent=explicit z | gamma_0=0
[n100_k10 random-pfode seed=1544345179] completed 5/100 | score=0.5003
[n100_k10 random-pfode seed=1544345179] generating 6/100 random Z samples
[Boltz-2] sampling=deterministic PF-ODE | deterministic=True | latent=explicit z | gamma_0=0
[n100_k10 random-pfode seed=1544345179] completed 6/100 | score=0.7153
[n100_k10 random-pfode seed=1544345179] generating 7/100 random Z samples
[Boltz-2] sampling=deterministic PF-ODE | deterministic=True | latent=explicit z | gamma_0=0
[n100_k10 random-pfode seed=1544345179] completed 7/100 | score=0.5765
[n100_k10 random-pfode seed=1544345179] generating 8/100 random Z samples
[Boltz-2] sampling=deterministic PF-ODE | deterministic=True | latent=explicit z | gamma_0=0
[n100_k10 random-pfode seed=1544345179] completed 8/100 | score=0.4845
[n100_k10 random-pfode seed=1544345179] generating 9/100 random Z samples
[Boltz-2] sampling=deterministic PF-ODE | deterministic=True | latent=explicit z | gamma_0=0
[n100_k10 random-pfode seed=1544345179] completed 9/100 | score=0.6624
[n100_k10 random-pfode seed=1544345179] generating 10/100 random Z samples
[Boltz-2] sampling=deterministic PF-ODE | deterministic=True | latent=explicit z | gamma_0=0
[n100_k10 random-pfode seed=1544345179] completed 10/100 | score=0.6318
[n100_k10 random-pfode seed=1544345179] generating 11/100 random Z samples
[Boltz-2] sampling=deterministic PF-ODE | deterministic=True | latent=explicit z | gamma_0=0
[n100_k10 random-pfode seed=1544345179] completed 11/100 | score=0.8390
[n100_k10 random-pfode seed=1544345179] generating 12/100 random Z samples
[Boltz-2] sampling=deterministic PF-ODE | deterministic=True | latent=explicit z | gamma_0=0
[n100_k10 random-pfode seed=1544345179] completed 12/100 | score=0.5969
[n100_k10 random-pfode seed=1544345179] generating 13/100 random Z samples
[Boltz-2] sampling=deterministic PF-ODE | deterministic=True | latent=explicit z | gamma_0=0
[n100_k10 random-pfode seed=1544345179] completed 13/100 | score=0.6031
[n100_k10 random-pfode seed=1544345179] generating 14/100 random Z samples
[Boltz-2] sampling=deterministic PF-ODE | deterministic=True | latent=explicit z | gamma_0=0
[n100_k10 random-pfode seed=1544345179] completed 14/100 | score=0.7661
[n100_k10 random-pfode seed=1544345179] generating 15/100 random Z samples
[Boltz-2] sampling=deterministic PF-ODE | deterministic=True | latent=explicit z | gamma_0=0
[n100_k10 random-pfode seed=1544345179] completed 15/100 | score=0.7219
[n100_k10 random-pfode seed=1544345179] generating 16/100 random Z samples
[Boltz-2] sampling=deterministic PF-ODE | deterministic=True | latent=explicit z | gamma_0=0
[n100_k10 random-pfode seed=1544345179] completed 16/100 | score=0.8139
[n100_k10 random-pfode seed=1544345179] generating 17/100 random Z samples
[Boltz-2] sampling=deterministic PF-ODE | deterministic=True | latent=explicit z | gamma_0=0
[n100_k10 random-pfode seed=1544345179] completed 17/100 | score=0.6538
[n100_k10 random-pfode seed=1544345179] generating 18/100 random Z samples
[Boltz-2] sampling=deterministic PF-ODE | deterministic=True | latent=explicit z | gamma_0=0
[n100_k10 random-pfode seed=1544345179] completed 18/100 | score=0.6766
[n100_k10 random-pfode seed=1544345179] generating 19/100 random Z samples
[Boltz-2] sampling=deterministic PF-ODE | deterministic=True | latent=explicit z | gamma_0=0
[n100_k10 random-pfode seed=1544345179] completed 19/100 | score=0.7921
[n100_k10 random-pfode seed=1544345179] generating 20/100 random Z samples
[Boltz-2] sampling=deterministic PF-ODE | deterministic=True | latent=explicit z | gamma_0=0
[n100_k10 random-pfode seed=1544345179] completed 20/100 | score=0.6459
[n100_k10 random-pfode seed=1544345179] generating 21/100 random Z samples
[Boltz-2] sampling=deterministic PF-ODE | deterministic=True | latent=explicit z | gamma_0=0
[n100_k10 random-pfode seed=1544345179] completed 21/100 | score=0.7132
[n100_k10 random-pfode seed=1544345179] generating 22/100 random Z samples
[Boltz-2] sampling=deterministic PF-ODE | deterministic=True | latent=explicit z | gamma_0=0
[n100_k10 random-pfode seed=1544345179] completed 22/100 | score=0.6378
[n100_k10 random-pfode seed=1544345179] generating 23/100 random Z samples
[Boltz-2] sampling=deterministic PF-ODE | deterministic=True | latent=explicit z | gamma_0=0
[n100_k10 random-pfode seed=1544345179] completed 23/100 | score=0.4772
[n100_k10 random-pfode seed=1544345179] generating 24/100 random Z samples
[Boltz-2] sampling=deterministic PF-ODE | deterministic=True | latent=explicit z | gamma_0=0
[n100_k10 random-pfode seed=1544345179] completed 24/100 | score=0.5528
[n100_k10 random-pfode seed=1544345179] generating 25/100 random Z samples
[Boltz-2] sampling=deterministic PF-ODE | deterministic=True | latent=explicit z | gamma_0=0
[n100_k10 random-pfode seed=1544345179] completed 25/100 | score=0.5619
[n100_k10 random-pfode seed=1544345179] generating 26/100 random Z samples
[Boltz-2] sampling=deterministic PF-ODE | deterministic=True | latent=explicit z | gamma_0=0
[n100_k10 random-pfode seed=1544345179] completed 26/100 | score=0.4537
[n100_k10 random-pfode seed=1544345179] generating 27/100 random Z samples
[Boltz-2] sampling=deterministic PF-ODE | deterministic=True | latent=explicit z | gamma_0=0
[n100_k10 random-pfode seed=1544345179] completed 27/100 | score=0.6354
[n100_k10 random-pfode seed=1544345179] generating 28/100 random Z samples
[Boltz-2] sampling=deterministic PF-ODE | deterministic=True | latent=explicit z | gamma_0=0
[n100_k10 random-pfode seed=1544345179] completed 28/100 | score=0.5963
[n100_k10 random-pfode seed=1544345179] generating 29/100 random Z samples
[Boltz-2] sampling=deterministic PF-ODE | deterministic=True | latent=explicit z | gamma_0=0
[n100_k10 random-pfode seed=1544345179] completed 29/100 | score=0.4896
[n100_k10 random-pfode seed=1544345179] generating 30/100 random Z samples
[Boltz-2] sampling=deterministic PF-ODE | deterministic=True | latent=explicit z | gamma_0=0
[n100_k10 random-pfode seed=1544345179] completed 30/100 | score=0.6033
[n100_k10 random-pfode seed=1544345179] generating 31/100 random Z samples
[Boltz-2] sampling=deterministic PF-ODE | deterministic=True | latent=explicit z | gamma_0=0
[n100_k10 random-pfode seed=1544345179] completed 31/100 | score=0.7119
[n100_k10 random-pfode seed=1544345179] generating 32/100 random Z samples
[Boltz-2] sampling=deterministic PF-ODE | deterministic=True | latent=explicit z | gamma_0=0
[n100_k10 random-pfode seed=1544345179] completed 32/100 | score=0.5227
[n100_k10 random-pfode seed=1544345179] generating 33/100 random Z samples
[Boltz-2] sampling=deterministic PF-ODE | deterministic=True | latent=explicit z | gamma_0=0
[n100_k10 random-pfode seed=1544345179] completed 33/100 | score=0.5069
[n100_k10 random-pfode seed=1544345179] generating 34/100 random Z samples
[Boltz-2] sampling=deterministic PF-ODE | deterministic=True | latent=explicit z | gamma_0=0
[n100_k10 random-pfode seed=1544345179] completed 34/100 | score=0.4856
[n100_k10 random-pfode seed=1544345179] generating 35/100 random Z samples
[Boltz-2] sampling=deterministic PF-ODE | deterministic=True | latent=explicit z | gamma_0=0
[n100_k10 random-pfode seed=1544345179] completed 35/100 | score=0.7102
[n100_k10 random-pfode seed=1544345179] generating 36/100 random Z samples
[Boltz-2] sampling=deterministic PF-ODE | deterministic=True | latent=explicit z | gamma_0=0
[n100_k10 random-pfode seed=1544345179] completed 36/100 | score=0.5630
[n100_k10 random-pfode seed=1544345179] generating 37/100 random Z samples
[Boltz-2] sampling=deterministic PF-ODE | deterministic=True | latent=explicit z | gamma_0=0
[n100_k10 random-pfode seed=1544345179] completed 37/100 | score=0.5108
[n100_k10 random-pfode seed=1544345179] generating 38/100 random Z samples
[Boltz-2] sampling=deterministic PF-ODE | deterministic=True | latent=explicit z | gamma_0=0
[n100_k10 random-pfode seed=1544345179] completed 38/100 | score=0.4707
[n100_k10 random-pfode seed=1544345179] generating 39/100 random Z samples
[Boltz-2] sampling=deterministic PF-ODE | deterministic=True | latent=explicit z | gamma_0=0
[n100_k10 random-pfode seed=1544345179] completed 39/100 | score=0.7037
[n100_k10 random-pfode seed=1544345179] generating 40/100 random Z samples
[Boltz-2] sampling=deterministic PF-ODE | deterministic=True | latent=explicit z | gamma_0=0
[n100_k10 random-pfode seed=1544345179] completed 40/100 | score=0.5211
[n100_k10 random-pfode seed=1544345179] generating 41/100 random Z samples
[Boltz-2] sampling=deterministic PF-ODE | deterministic=True | latent=explicit z | gamma_0=0
[n100_k10 random-pfode seed=1544345179] completed 41/100 | score=0.4567
[n100_k10 random-pfode seed=1544345179] generating 42/100 random Z samples
[Boltz-2] sampling=deterministic PF-ODE | deterministic=True | latent=explicit z | gamma_0=0
[n100_k10 random-pfode seed=1544345179] completed 42/100 | score=0.7149
[n100_k10 random-pfode seed=1544345179] generating 43/100 random Z samples
[Boltz-2] sampling=deterministic PF-ODE | deterministic=True | latent=explicit z | gamma_0=0
[n100_k10 random-pfode seed=1544345179] completed 43/100 | score=0.6585
[n100_k10 random-pfode seed=1544345179] generating 44/100 random Z samples
[Boltz-2] sampling=deterministic PF-ODE | deterministic=True | latent=explicit z | gamma_0=0
[n100_k10 random-pfode seed=1544345179] completed 44/100 | score=0.5422
[n100_k10 random-pfode seed=1544345179] generating 45/100 random Z samples
[Boltz-2] sampling=deterministic PF-ODE | deterministic=True | latent=explicit z | gamma_0=0
[n100_k10 random-pfode seed=1544345179] completed 45/100 | score=0.4545
[n100_k10 random-pfode seed=1544345179] generating 46/100 random Z samples
[Boltz-2] sampling=deterministic PF-ODE | deterministic=True | latent=explicit z | gamma_0=0
[n100_k10 random-pfode seed=1544345179] completed 46/100 | score=0.8028
[n100_k10 random-pfode seed=1544345179] generating 47/100 random Z samples
[Boltz-2] sampling=deterministic PF-ODE | deterministic=True | latent=explicit z | gamma_0=0
[n100_k10 random-pfode seed=1544345179] completed 47/100 | score=0.7269
[n100_k10 random-pfode seed=1544345179] generating 48/100 random Z samples
[Boltz-2] sampling=deterministic PF-ODE | deterministic=True | latent=explicit z | gamma_0=0
[n100_k10 random-pfode seed=1544345179] completed 48/100 | score=0.6848
[n100_k10 random-pfode seed=1544345179] generating 49/100 random Z samples
[Boltz-2] sampling=deterministic PF-ODE | deterministic=True | latent=explicit z | gamma_0=0
[n100_k10 random-pfode seed=1544345179] completed 49/100 | score=0.5003
[n100_k10 random-pfode seed=1544345179] generating 50/100 random Z samples
[Boltz-2] sampling=deterministic PF-ODE | deterministic=True | latent=explicit z | gamma_0=0
[n100_k10 random-pfode seed=1544345179] completed 50/100 | score=0.7902
[n100_k10 random-pfode seed=1544345179] generating 51/100 random Z samples
[Boltz-2] sampling=deterministic PF-ODE | deterministic=True | latent=explicit z | gamma_0=0
[n100_k10 random-pfode seed=1544345179] completed 51/100 | score=0.7088
[n100_k10 random-pfode seed=1544345179] generating 52/100 random Z samples
[Boltz-2] sampling=deterministic PF-ODE | deterministic=True | latent=explicit z | gamma_0=0
[n100_k10 random-pfode seed=1544345179] completed 52/100 | score=0.8632
[n100_k10 random-pfode seed=1544345179] generating 53/100 random Z samples
[Boltz-2] sampling=deterministic PF-ODE | deterministic=True | latent=explicit z | gamma_0=0
[n100_k10 random-pfode seed=1544345179] completed 53/100 | score=0.6386
[n100_k10 random-pfode seed=1544345179] generating 54/100 random Z samples
[Boltz-2] sampling=deterministic PF-ODE | deterministic=True | latent=explicit z | gamma_0=0
[n100_k10 random-pfode seed=1544345179] completed 54/100 | score=0.5581
[n100_k10 random-pfode seed=1544345179] generating 55/100 random Z samples
[Boltz-2] sampling=deterministic PF-ODE | deterministic=True | latent=explicit z | gamma_0=0
[n100_k10 random-pfode seed=1544345179] completed 55/100 | score=0.6743
[n100_k10 random-pfode seed=1544345179] generating 56/100 random Z samples
[Boltz-2] sampling=deterministic PF-ODE | deterministic=True | latent=explicit z | gamma_0=0
[n100_k10 random-pfode seed=1544345179] completed 56/100 | score=0.4073
[n100_k10 random-pfode seed=1544345179] generating 57/100 random Z samples
[Boltz-2] sampling=deterministic PF-ODE | deterministic=True | latent=explicit z | gamma_0=0
[n100_k10 random-pfode seed=1544345179] completed 57/100 | score=0.7238
[n100_k10 random-pfode seed=1544345179] generating 58/100 random Z samples
[Boltz-2] sampling=deterministic PF-ODE | deterministic=True | latent=explicit z | gamma_0=0
[n100_k10 random-pfode seed=1544345179] completed 58/100 | score=0.5986
[n100_k10 random-pfode seed=1544345179] generating 59/100 random Z samples
[Boltz-2] sampling=deterministic PF-ODE | deterministic=True | latent=explicit z | gamma_0=0
[n100_k10 random-pfode seed=1544345179] completed 59/100 | score=0.4537
[n100_k10 random-pfode seed=1544345179] generating 60/100 random Z samples
[Boltz-2] sampling=deterministic PF-ODE | deterministic=True | latent=explicit z | gamma_0=0
[n100_k10 random-pfode seed=1544345179] completed 60/100 | score=0.4739
[n100_k10 random-pfode seed=1544345179] generating 61/100 random Z samples
[Boltz-2] sampling=deterministic PF-ODE | deterministic=True | latent=explicit z | gamma_0=0
[n100_k10 random-pfode seed=1544345179] completed 61/100 | score=0.4477
[n100_k10 random-pfode seed=1544345179] generating 62/100 random Z samples
[Boltz-2] sampling=deterministic PF-ODE | deterministic=True | latent=explicit z | gamma_0=0
[n100_k10 random-pfode seed=1544345179] completed 62/100 | score=0.6736
[n100_k10 random-pfode seed=1544345179] generating 63/100 random Z samples
[Boltz-2] sampling=deterministic PF-ODE | deterministic=True | latent=explicit z | gamma_0=0
[n100_k10 random-pfode seed=1544345179] completed 63/100 | score=0.4954
[n100_k10 random-pfode seed=1544345179] generating 64/100 random Z samples
[Boltz-2] sampling=deterministic PF-ODE | deterministic=True | latent=explicit z | gamma_0=0
[n100_k10 random-pfode seed=1544345179] completed 64/100 | score=0.6521
[n100_k10 random-pfode seed=1544345179] generating 65/100 random Z samples
[Boltz-2] sampling=deterministic PF-ODE | deterministic=True | latent=explicit z | gamma_0=0
[n100_k10 random-pfode seed=1544345179] completed 65/100 | score=0.5433
[n100_k10 random-pfode seed=1544345179] generating 66/100 random Z samples
[Boltz-2] sampling=deterministic PF-ODE | deterministic=True | latent=explicit z | gamma_0=0
[n100_k10 random-pfode seed=1544345179] completed 66/100 | score=0.8385
[n100_k10 random-pfode seed=1544345179] generating 67/100 random Z samples
[Boltz-2] sampling=deterministic PF-ODE | deterministic=True | latent=explicit z | gamma_0=0
[n100_k10 random-pfode seed=1544345179] completed 67/100 | score=0.3561
[n100_k10 random-pfode seed=1544345179] generating 68/100 random Z samples
[Boltz-2] sampling=deterministic PF-ODE | deterministic=True | latent=explicit z | gamma_0=0
[n100_k10 random-pfode seed=1544345179] completed 68/100 | score=0.6220
[n100_k10 random-pfode seed=1544345179] generating 69/100 random Z samples
[Boltz-2] sampling=deterministic PF-ODE | deterministic=True | latent=explicit z | gamma_0=0
[n100_k10 random-pfode seed=1544345179] completed 69/100 | score=0.5697
[n100_k10 random-pfode seed=1544345179] generating 70/100 random Z samples
[Boltz-2] sampling=deterministic PF-ODE | deterministic=True | latent=explicit z | gamma_0=0
[n100_k10 random-pfode seed=1544345179] completed 70/100 | score=0.6075
[n100_k10 random-pfode seed=1544345179] generating 71/100 random Z samples
[Boltz-2] sampling=deterministic PF-ODE | deterministic=True | latent=explicit z | gamma_0=0
[n100_k10 random-pfode seed=1544345179] completed 71/100 | score=0.4637
[n100_k10 random-pfode seed=1544345179] generating 72/100 random Z samples
[Boltz-2] sampling=deterministic PF-ODE | deterministic=True | latent=explicit z | gamma_0=0
[n100_k10 random-pfode seed=1544345179] completed 72/100 | score=0.8444
[n100_k10 random-pfode seed=1544345179] generating 73/100 random Z samples
[Boltz-2] sampling=deterministic PF-ODE | deterministic=True | latent=explicit z | gamma_0=0
[n100_k10 random-pfode seed=1544345179] completed 73/100 | score=0.5591
[n100_k10 random-pfode seed=1544345179] generating 74/100 random Z samples
[Boltz-2] sampling=deterministic PF-ODE | deterministic=True | latent=explicit z | gamma_0=0
[n100_k10 random-pfode seed=1544345179] completed 74/100 | score=0.5058
[n100_k10 random-pfode seed=1544345179] generating 75/100 random Z samples
[Boltz-2] sampling=deterministic PF-ODE | deterministic=True | latent=explicit z | gamma_0=0
[n100_k10 random-pfode seed=1544345179] completed 75/100 | score=0.6737
[n100_k10 random-pfode seed=1544345179] generating 76/100 random Z samples
[Boltz-2] sampling=deterministic PF-ODE | deterministic=True | latent=explicit z | gamma_0=0
[n100_k10 random-pfode seed=1544345179] completed 76/100 | score=0.7418
[n100_k10 random-pfode seed=1544345179] generating 77/100 random Z samples
[Boltz-2] sampling=deterministic PF-ODE | deterministic=True | latent=explicit z | gamma_0=0
[n100_k10 random-pfode seed=1544345179] completed 77/100 | score=0.7183
[n100_k10 random-pfode seed=1544345179] generating 78/100 random Z samples
[Boltz-2] sampling=deterministic PF-ODE | deterministic=True | latent=explicit z | gamma_0=0
[n100_k10 random-pfode seed=1544345179] completed 78/100 | score=0.6196
[n100_k10 random-pfode seed=1544345179] generating 79/100 random Z samples
[Boltz-2] sampling=deterministic PF-ODE | deterministic=True | latent=explicit z | gamma_0=0
[n100_k10 random-pfode seed=1544345179] completed 79/100 | score=0.7665
[n100_k10 random-pfode seed=1544345179] generating 80/100 random Z samples
[Boltz-2] sampling=deterministic PF-ODE | deterministic=True | latent=explicit z | gamma_0=0
[n100_k10 random-pfode seed=1544345179] completed 80/100 | score=0.5802
[n100_k10 random-pfode seed=1544345179] generating 81/100 random Z samples
[Boltz-2] sampling=deterministic PF-ODE | deterministic=True | latent=explicit z | gamma_0=0
[n100_k10 random-pfode seed=1544345179] completed 81/100 | score=0.5269
[n100_k10 random-pfode seed=1544345179] generating 82/100 random Z samples
[Boltz-2] sampling=deterministic PF-ODE | deterministic=True | latent=explicit z | gamma_0=0
[n100_k10 random-pfode seed=1544345179] completed 82/100 | score=0.5678
[n100_k10 random-pfode seed=1544345179] generating 83/100 random Z samples
[Boltz-2] sampling=deterministic PF-ODE | deterministic=True | latent=explicit z | gamma_0=0
[n100_k10 random-pfode seed=1544345179] completed 83/100 | score=0.6487
[n100_k10 random-pfode seed=1544345179] generating 84/100 random Z samples
[Boltz-2] sampling=deterministic PF-ODE | deterministic=True | latent=explicit z | gamma_0=0
[n100_k10 random-pfode seed=1544345179] completed 84/100 | score=0.5655
[n100_k10 random-pfode seed=1544345179] generating 85/100 random Z samples
[Boltz-2] sampling=deterministic PF-ODE | deterministic=True | latent=explicit z | gamma_0=0
[n100_k10 random-pfode seed=1544345179] completed 85/100 | score=0.6027
[n100_k10 random-pfode seed=1544345179] generating 86/100 random Z samples
[Boltz-2] sampling=deterministic PF-ODE | deterministic=True | latent=explicit z | gamma_0=0
[n100_k10 random-pfode seed=1544345179] completed 86/100 | score=0.6198
[n100_k10 random-pfode seed=1544345179] generating 87/100 random Z samples
[Boltz-2] sampling=deterministic PF-ODE | deterministic=True | latent=explicit z | gamma_0=0
[n100_k10 random-pfode seed=1544345179] completed 87/100 | score=0.7023
[n100_k10 random-pfode seed=1544345179] generating 88/100 random Z samples
[Boltz-2] sampling=deterministic PF-ODE | deterministic=True | latent=explicit z | gamma_0=0
[n100_k10 random-pfode seed=1544345179] completed 88/100 | score=0.6667
[n100_k10 random-pfode seed=1544345179] generating 89/100 random Z samples
[Boltz-2] sampling=deterministic PF-ODE | deterministic=True | latent=explicit z | gamma_0=0
[n100_k10 random-pfode seed=1544345179] completed 89/100 | score=0.5100
[n100_k10 random-pfode seed=1544345179] generating 90/100 random Z samples
[Boltz-2] sampling=deterministic PF-ODE | deterministic=True | latent=explicit z | gamma_0=0
[n100_k10 random-pfode seed=1544345179] completed 90/100 | score=0.5285
[n100_k10 random-pfode seed=1544345179] generating 91/100 random Z samples
[Boltz-2] sampling=deterministic PF-ODE | deterministic=True | latent=explicit z | gamma_0=0
[n100_k10 random-pfode seed=1544345179] completed 91/100 | score=0.5816
[n100_k10 random-pfode seed=1544345179] generating 92/100 random Z samples
[Boltz-2] sampling=deterministic PF-ODE | deterministic=True | latent=explicit z | gamma_0=0
[n100_k10 random-pfode seed=1544345179] completed 92/100 | score=0.5662
[n100_k10 random-pfode seed=1544345179] generating 93/100 random Z samples
[Boltz-2] sampling=deterministic PF-ODE | deterministic=True | latent=explicit z | gamma_0=0
[n100_k10 random-pfode seed=1544345179] completed 93/100 | score=0.5413
[n100_k10 random-pfode seed=1544345179] generating 94/100 random Z samples
[Boltz-2] sampling=deterministic PF-ODE | deterministic=True | latent=explicit z | gamma_0=0
[n100_k10 random-pfode seed=1544345179] completed 94/100 | score=0.7606
[n100_k10 random-pfode seed=1544345179] generating 95/100 random Z samples
[Boltz-2] sampling=deterministic PF-ODE | deterministic=True | latent=explicit z | gamma_0=0
[n100_k10 random-pfode seed=1544345179] completed 95/100 | score=0.6782
[n100_k10 random-pfode seed=1544345179] generating 96/100 random Z samples
[Boltz-2] sampling=deterministic PF-ODE | deterministic=True | latent=explicit z | gamma_0=0
[n100_k10 random-pfode seed=1544345179] completed 96/100 | score=0.4324
[n100_k10 random-pfode seed=1544345179] generating 97/100 random Z samples
[Boltz-2] sampling=deterministic PF-ODE | deterministic=True | latent=explicit z | gamma_0=0
[n100_k10 random-pfode seed=1544345179] completed 97/100 | score=0.5366
[n100_k10 random-pfode seed=1544345179] generating 98/100 random Z samples
[Boltz-2] sampling=deterministic PF-ODE | deterministic=True | latent=explicit z | gamma_0=0
[n100_k10 random-pfode seed=1544345179] completed 98/100 | score=0.5123
[n100_k10 random-pfode seed=1544345179] generating 99/100 random Z samples
[Boltz-2] sampling=deterministic PF-ODE | deterministic=True | latent=explicit z | gamma_0=0
[n100_k10 random-pfode seed=1544345179] completed 99/100 | score=0.6204
[n100_k10 random-pfode seed=1544345179] generating 100/100 random Z samples
[Boltz-2] sampling=deterministic PF-ODE | deterministic=True | latent=explicit z | gamma_0=0
[n100_k10 random-pfode seed=1544345179] completed 100/100 | score=0.6964
[n100_k10 random-pfode seed=1544345179] diagnostic complete: 100 random Z samples -> best 10; mean-of-K=0.8366
